company_user_key,business_unit_key
k6test-cu-1,k6test-bu-001
k6test-cu-2,k6test-bu-002
k6test-cu-3,k6test-bu-003
k6test-cu-4,k6test-bu-004
k6test-cu-5,k6test-bu-005
k6test-cu-6,k6test-bu-006
k6test-cu-7,k6test-bu-007
k6test-cu-8,k6test-bu-008
k6test-cu-9,k6test-bu-009
k6test-cu-10,k6test-bu-010
k6test-cu-11,k6test-bu-011
k6test-cu-12,k6test-bu-012
k6test-cu-13,k6test-bu-013
k6test-cu-14,k6test-bu-014
k6test-cu-15,k6test-bu-015
k6test-cu-16,k6test-bu-016
k6test-cu-17,k6test-bu-017
k6test-cu-18,k6test-bu-018
k6test-cu-19,k6test-bu-019
k6test-cu-20,k6test-bu-020
k6test-cu-21,k6test-bu-021
k6test-cu-22,k6test-bu-022
k6test-cu-23,k6test-bu-023
k6test-cu-24,k6test-bu-024
k6test-cu-25,k6test-bu-025
k6test-cu-26,k6test-bu-026
k6test-cu-27,k6test-bu-027
k6test-cu-28,k6test-bu-028
k6test-cu-29,k6test-bu-029
k6test-cu-30,k6test-bu-030
k6test-cu-31,k6test-bu-031
k6test-cu-32,k6test-bu-032
k6test-cu-33,k6test-bu-033
k6test-cu-34,k6test-bu-034
k6test-cu-35,k6test-bu-035
k6test-cu-36,k6test-bu-036
k6test-cu-37,k6test-bu-037
k6test-cu-38,k6test-bu-038
k6test-cu-39,k6test-bu-039
k6test-cu-40,k6test-bu-040
k6test-cu-41,k6test-bu-041
k6test-cu-42,k6test-bu-042
k6test-cu-43,k6test-bu-043
k6test-cu-44,k6test-bu-044
k6test-cu-45,k6test-bu-045
k6test-cu-46,k6test-bu-046
k6test-cu-47,k6test-bu-047
k6test-cu-48,k6test-bu-048
k6test-cu-49,k6test-bu-049
k6test-cu-50,k6test-bu-050
k6test-cu-51,k6test-bu-001
k6test-cu-52,k6test-bu-002
k6test-cu-53,k6test-bu-003
k6test-cu-54,k6test-bu-004
k6test-cu-55,k6test-bu-005
k6test-cu-56,k6test-bu-006
k6test-cu-57,k6test-bu-007
k6test-cu-58,k6test-bu-008
k6test-cu-59,k6test-bu-009
k6test-cu-60,k6test-bu-010
k6test-cu-61,k6test-bu-011
k6test-cu-62,k6test-bu-012
k6test-cu-63,k6test-bu-013
k6test-cu-64,k6test-bu-014
k6test-cu-65,k6test-bu-015
k6test-cu-66,k6test-bu-016
k6test-cu-67,k6test-bu-017
k6test-cu-68,k6test-bu-018
k6test-cu-69,k6test-bu-019
k6test-cu-70,k6test-bu-020
k6test-cu-71,k6test-bu-021
k6test-cu-72,k6test-bu-022
k6test-cu-73,k6test-bu-023
k6test-cu-74,k6test-bu-024
k6test-cu-75,k6test-bu-025
k6test-cu-76,k6test-bu-026
k6test-cu-77,k6test-bu-027
k6test-cu-78,k6test-bu-028
k6test-cu-79,k6test-bu-029
k6test-cu-80,k6test-bu-030
k6test-cu-81,k6test-bu-031
k6test-cu-82,k6test-bu-032
k6test-cu-83,k6test-bu-033
k6test-cu-84,k6test-bu-034
k6test-cu-85,k6test-bu-035
k6test-cu-86,k6test-bu-036
k6test-cu-87,k6test-bu-037
k6test-cu-88,k6test-bu-038
k6test-cu-89,k6test-bu-039
k6test-cu-90,k6test-bu-040
k6test-cu-91,k6test-bu-041
k6test-cu-92,k6test-bu-042
k6test-cu-93,k6test-bu-043
k6test-cu-94,k6test-bu-044
k6test-cu-95,k6test-bu-045
k6test-cu-96,k6test-bu-046
k6test-cu-97,k6test-bu-047
k6test-cu-98,k6test-bu-048
k6test-cu-99,k6test-bu-049
k6test-cu-100,k6test-bu-050
k6test-cu-101,k6test-bu-001
k6test-cu-102,k6test-bu-002
k6test-cu-103,k6test-bu-003
k6test-cu-104,k6test-bu-004
k6test-cu-105,k6test-bu-005
k6test-cu-106,k6test-bu-006
k6test-cu-107,k6test-bu-007
k6test-cu-108,k6test-bu-008
k6test-cu-109,k6test-bu-009
k6test-cu-110,k6test-bu-010
k6test-cu-111,k6test-bu-011
k6test-cu-112,k6test-bu-012
k6test-cu-113,k6test-bu-013
k6test-cu-114,k6test-bu-014
k6test-cu-115,k6test-bu-015
k6test-cu-116,k6test-bu-016
k6test-cu-117,k6test-bu-017
k6test-cu-118,k6test-bu-018
k6test-cu-119,k6test-bu-019
k6test-cu-120,k6test-bu-020
k6test-cu-121,k6test-bu-021
k6test-cu-122,k6test-bu-022
k6test-cu-123,k6test-bu-023
k6test-cu-124,k6test-bu-024
k6test-cu-125,k6test-bu-025
k6test-cu-126,k6test-bu-026
k6test-cu-127,k6test-bu-027
k6test-cu-128,k6test-bu-028
k6test-cu-129,k6test-bu-029
k6test-cu-130,k6test-bu-030
k6test-cu-131,k6test-bu-031
k6test-cu-132,k6test-bu-032
k6test-cu-133,k6test-bu-033
k6test-cu-134,k6test-bu-034
k6test-cu-135,k6test-bu-035
k6test-cu-136,k6test-bu-036
k6test-cu-137,k6test-bu-037
k6test-cu-138,k6test-bu-038
k6test-cu-139,k6test-bu-039
k6test-cu-140,k6test-bu-040
k6test-cu-141,k6test-bu-041
k6test-cu-142,k6test-bu-042
k6test-cu-143,k6test-bu-043
k6test-cu-144,k6test-bu-044
k6test-cu-145,k6test-bu-045
k6test-cu-146,k6test-bu-046
k6test-cu-147,k6test-bu-047
k6test-cu-148,k6test-bu-048
k6test-cu-149,k6test-bu-049
k6test-cu-150,k6test-bu-050
k6test-cu-151,k6test-bu-001
k6test-cu-152,k6test-bu-002
k6test-cu-153,k6test-bu-003
k6test-cu-154,k6test-bu-004
k6test-cu-155,k6test-bu-005
k6test-cu-156,k6test-bu-006
k6test-cu-157,k6test-bu-007
k6test-cu-158,k6test-bu-008
k6test-cu-159,k6test-bu-009
k6test-cu-160,k6test-bu-010
k6test-cu-161,k6test-bu-011
k6test-cu-162,k6test-bu-012
k6test-cu-163,k6test-bu-013
k6test-cu-164,k6test-bu-014
k6test-cu-165,k6test-bu-015
k6test-cu-166,k6test-bu-016
k6test-cu-167,k6test-bu-017
k6test-cu-168,k6test-bu-018
k6test-cu-169,k6test-bu-019
k6test-cu-170,k6test-bu-020
k6test-cu-171,k6test-bu-021
k6test-cu-172,k6test-bu-022
k6test-cu-173,k6test-bu-023
k6test-cu-174,k6test-bu-024
k6test-cu-175,k6test-bu-025
k6test-cu-176,k6test-bu-026
k6test-cu-177,k6test-bu-027
k6test-cu-178,k6test-bu-028
k6test-cu-179,k6test-bu-029
k6test-cu-180,k6test-bu-030
k6test-cu-181,k6test-bu-031
k6test-cu-182,k6test-bu-032
k6test-cu-183,k6test-bu-033
k6test-cu-184,k6test-bu-034
k6test-cu-185,k6test-bu-035
k6test-cu-186,k6test-bu-036
k6test-cu-187,k6test-bu-037
k6test-cu-188,k6test-bu-038
k6test-cu-189,k6test-bu-039
k6test-cu-190,k6test-bu-040
k6test-cu-191,k6test-bu-041
k6test-cu-192,k6test-bu-042
k6test-cu-193,k6test-bu-043
k6test-cu-194,k6test-bu-044
k6test-cu-195,k6test-bu-045
k6test-cu-196,k6test-bu-046
k6test-cu-197,k6test-bu-047
k6test-cu-198,k6test-bu-048
k6test-cu-199,k6test-bu-049
k6test-cu-200,k6test-bu-050
k6test-cu-201,k6test-bu-001
k6test-cu-202,k6test-bu-002
k6test-cu-203,k6test-bu-003
k6test-cu-204,k6test-bu-004
k6test-cu-205,k6test-bu-005
k6test-cu-206,k6test-bu-006
k6test-cu-207,k6test-bu-007
k6test-cu-208,k6test-bu-008
k6test-cu-209,k6test-bu-009
k6test-cu-210,k6test-bu-010
k6test-cu-211,k6test-bu-011
k6test-cu-212,k6test-bu-012
k6test-cu-213,k6test-bu-013
k6test-cu-214,k6test-bu-014
k6test-cu-215,k6test-bu-015
k6test-cu-216,k6test-bu-016
k6test-cu-217,k6test-bu-017
k6test-cu-218,k6test-bu-018
k6test-cu-219,k6test-bu-019
k6test-cu-220,k6test-bu-020
k6test-cu-221,k6test-bu-021
k6test-cu-222,k6test-bu-022
k6test-cu-223,k6test-bu-023
k6test-cu-224,k6test-bu-024
k6test-cu-225,k6test-bu-025
k6test-cu-226,k6test-bu-026
k6test-cu-227,k6test-bu-027
k6test-cu-228,k6test-bu-028
k6test-cu-229,k6test-bu-029
k6test-cu-230,k6test-bu-030
k6test-cu-231,k6test-bu-031
k6test-cu-232,k6test-bu-032
k6test-cu-233,k6test-bu-033
k6test-cu-234,k6test-bu-034
k6test-cu-235,k6test-bu-035
k6test-cu-236,k6test-bu-036
k6test-cu-237,k6test-bu-037
k6test-cu-238,k6test-bu-038
k6test-cu-239,k6test-bu-039
k6test-cu-240,k6test-bu-040
k6test-cu-241,k6test-bu-041
k6test-cu-242,k6test-bu-042
k6test-cu-243,k6test-bu-043
k6test-cu-244,k6test-bu-044
k6test-cu-245,k6test-bu-045
k6test-cu-246,k6test-bu-046
k6test-cu-247,k6test-bu-047
k6test-cu-248,k6test-bu-048
k6test-cu-249,k6test-bu-049
k6test-cu-250,k6test-bu-050
k6test-cu-251,k6test-bu-001
k6test-cu-252,k6test-bu-002
k6test-cu-253,k6test-bu-003
k6test-cu-254,k6test-bu-004
k6test-cu-255,k6test-bu-005
k6test-cu-256,k6test-bu-006
k6test-cu-257,k6test-bu-007
k6test-cu-258,k6test-bu-008
k6test-cu-259,k6test-bu-009
k6test-cu-260,k6test-bu-010
k6test-cu-261,k6test-bu-011
k6test-cu-262,k6test-bu-012
k6test-cu-263,k6test-bu-013
k6test-cu-264,k6test-bu-014
k6test-cu-265,k6test-bu-015
k6test-cu-266,k6test-bu-016
k6test-cu-267,k6test-bu-017
k6test-cu-268,k6test-bu-018
k6test-cu-269,k6test-bu-019
k6test-cu-270,k6test-bu-020
k6test-cu-271,k6test-bu-021
k6test-cu-272,k6test-bu-022
k6test-cu-273,k6test-bu-023
k6test-cu-274,k6test-bu-024
k6test-cu-275,k6test-bu-025
k6test-cu-276,k6test-bu-026
k6test-cu-277,k6test-bu-027
k6test-cu-278,k6test-bu-028
k6test-cu-279,k6test-bu-029
k6test-cu-280,k6test-bu-030
k6test-cu-281,k6test-bu-031
k6test-cu-282,k6test-bu-032
k6test-cu-283,k6test-bu-033
k6test-cu-284,k6test-bu-034
k6test-cu-285,k6test-bu-035
k6test-cu-286,k6test-bu-036
k6test-cu-287,k6test-bu-037
k6test-cu-288,k6test-bu-038
k6test-cu-289,k6test-bu-039
k6test-cu-290,k6test-bu-040
k6test-cu-291,k6test-bu-041
k6test-cu-292,k6test-bu-042
k6test-cu-293,k6test-bu-043
k6test-cu-294,k6test-bu-044
k6test-cu-295,k6test-bu-045
k6test-cu-296,k6test-bu-046
k6test-cu-297,k6test-bu-047
k6test-cu-298,k6test-bu-048
k6test-cu-299,k6test-bu-049
k6test-cu-300,k6test-bu-050
k6test-cu-301,k6test-bu-001
k6test-cu-302,k6test-bu-002
k6test-cu-303,k6test-bu-003
k6test-cu-304,k6test-bu-004
k6test-cu-305,k6test-bu-005
k6test-cu-306,k6test-bu-006
k6test-cu-307,k6test-bu-007
k6test-cu-308,k6test-bu-008
k6test-cu-309,k6test-bu-009
k6test-cu-310,k6test-bu-010
k6test-cu-311,k6test-bu-011
k6test-cu-312,k6test-bu-012
k6test-cu-313,k6test-bu-013
k6test-cu-314,k6test-bu-014
k6test-cu-315,k6test-bu-015
k6test-cu-316,k6test-bu-016
k6test-cu-317,k6test-bu-017
k6test-cu-318,k6test-bu-018
k6test-cu-319,k6test-bu-019
k6test-cu-320,k6test-bu-020
k6test-cu-321,k6test-bu-021
k6test-cu-322,k6test-bu-022
k6test-cu-323,k6test-bu-023
k6test-cu-324,k6test-bu-024
k6test-cu-325,k6test-bu-025
k6test-cu-326,k6test-bu-026
k6test-cu-327,k6test-bu-027
k6test-cu-328,k6test-bu-028
k6test-cu-329,k6test-bu-029
k6test-cu-330,k6test-bu-030
k6test-cu-331,k6test-bu-031
k6test-cu-332,k6test-bu-032
k6test-cu-333,k6test-bu-033
k6test-cu-334,k6test-bu-034
k6test-cu-335,k6test-bu-035
k6test-cu-336,k6test-bu-036
k6test-cu-337,k6test-bu-037
k6test-cu-338,k6test-bu-038
k6test-cu-339,k6test-bu-039
k6test-cu-340,k6test-bu-040
k6test-cu-341,k6test-bu-041
k6test-cu-342,k6test-bu-042
k6test-cu-343,k6test-bu-043
k6test-cu-344,k6test-bu-044
k6test-cu-345,k6test-bu-045
k6test-cu-346,k6test-bu-046
k6test-cu-347,k6test-bu-047
k6test-cu-348,k6test-bu-048
k6test-cu-349,k6test-bu-049
k6test-cu-350,k6test-bu-050
k6test-cu-351,k6test-bu-001
k6test-cu-352,k6test-bu-002
k6test-cu-353,k6test-bu-003
k6test-cu-354,k6test-bu-004
k6test-cu-355,k6test-bu-005
k6test-cu-356,k6test-bu-006
k6test-cu-357,k6test-bu-007
k6test-cu-358,k6test-bu-008
k6test-cu-359,k6test-bu-009
k6test-cu-360,k6test-bu-010
k6test-cu-361,k6test-bu-011
k6test-cu-362,k6test-bu-012
k6test-cu-363,k6test-bu-013
k6test-cu-364,k6test-bu-014
k6test-cu-365,k6test-bu-015
k6test-cu-366,k6test-bu-016
k6test-cu-367,k6test-bu-017
k6test-cu-368,k6test-bu-018
k6test-cu-369,k6test-bu-019
k6test-cu-370,k6test-bu-020
k6test-cu-371,k6test-bu-021
k6test-cu-372,k6test-bu-022
k6test-cu-373,k6test-bu-023
k6test-cu-374,k6test-bu-024
k6test-cu-375,k6test-bu-025
k6test-cu-376,k6test-bu-026
k6test-cu-377,k6test-bu-027
k6test-cu-378,k6test-bu-028
k6test-cu-379,k6test-bu-029
k6test-cu-380,k6test-bu-030
k6test-cu-381,k6test-bu-031
k6test-cu-382,k6test-bu-032
k6test-cu-383,k6test-bu-033
k6test-cu-384,k6test-bu-034
k6test-cu-385,k6test-bu-035
k6test-cu-386,k6test-bu-036
k6test-cu-387,k6test-bu-037
k6test-cu-388,k6test-bu-038
k6test-cu-389,k6test-bu-039
k6test-cu-390,k6test-bu-040
k6test-cu-391,k6test-bu-041
k6test-cu-392,k6test-bu-042
k6test-cu-393,k6test-bu-043
k6test-cu-394,k6test-bu-044
k6test-cu-395,k6test-bu-045
k6test-cu-396,k6test-bu-046
k6test-cu-397,k6test-bu-047
k6test-cu-398,k6test-bu-048
k6test-cu-399,k6test-bu-049
k6test-cu-400,k6test-bu-050
k6test-cu-401,k6test-bu-001
k6test-cu-402,k6test-bu-002
k6test-cu-403,k6test-bu-003
k6test-cu-404,k6test-bu-004
k6test-cu-405,k6test-bu-005
k6test-cu-406,k6test-bu-006
k6test-cu-407,k6test-bu-007
k6test-cu-408,k6test-bu-008
k6test-cu-409,k6test-bu-009
k6test-cu-410,k6test-bu-010
k6test-cu-411,k6test-bu-011
k6test-cu-412,k6test-bu-012
k6test-cu-413,k6test-bu-013
k6test-cu-414,k6test-bu-014
k6test-cu-415,k6test-bu-015
k6test-cu-416,k6test-bu-016
k6test-cu-417,k6test-bu-017
k6test-cu-418,k6test-bu-018
k6test-cu-419,k6test-bu-019
k6test-cu-420,k6test-bu-020
k6test-cu-421,k6test-bu-021
k6test-cu-422,k6test-bu-022
k6test-cu-423,k6test-bu-023
k6test-cu-424,k6test-bu-024
k6test-cu-425,k6test-bu-025
k6test-cu-426,k6test-bu-026
k6test-cu-427,k6test-bu-027
k6test-cu-428,k6test-bu-028
k6test-cu-429,k6test-bu-029
k6test-cu-430,k6test-bu-030
k6test-cu-431,k6test-bu-031
k6test-cu-432,k6test-bu-032
k6test-cu-433,k6test-bu-033
k6test-cu-434,k6test-bu-034
k6test-cu-435,k6test-bu-035
k6test-cu-436,k6test-bu-036
k6test-cu-437,k6test-bu-037
k6test-cu-438,k6test-bu-038
k6test-cu-439,k6test-bu-039
k6test-cu-440,k6test-bu-040
k6test-cu-441,k6test-bu-041
k6test-cu-442,k6test-bu-042
k6test-cu-443,k6test-bu-043
k6test-cu-444,k6test-bu-044
k6test-cu-445,k6test-bu-045
k6test-cu-446,k6test-bu-046
k6test-cu-447,k6test-bu-047
k6test-cu-448,k6test-bu-048
k6test-cu-449,k6test-bu-049
k6test-cu-450,k6test-bu-050
k6test-cu-451,k6test-bu-001
k6test-cu-452,k6test-bu-002
k6test-cu-453,k6test-bu-003
k6test-cu-454,k6test-bu-004
k6test-cu-455,k6test-bu-005
k6test-cu-456,k6test-bu-006
k6test-cu-457,k6test-bu-007
k6test-cu-458,k6test-bu-008
k6test-cu-459,k6test-bu-009
k6test-cu-460,k6test-bu-010
k6test-cu-461,k6test-bu-011
k6test-cu-462,k6test-bu-012
k6test-cu-463,k6test-bu-013
k6test-cu-464,k6test-bu-014
k6test-cu-465,k6test-bu-015
k6test-cu-466,k6test-bu-016
k6test-cu-467,k6test-bu-017
k6test-cu-468,k6test-bu-018
k6test-cu-469,k6test-bu-019
k6test-cu-470,k6test-bu-020
k6test-cu-471,k6test-bu-021
k6test-cu-472,k6test-bu-022
k6test-cu-473,k6test-bu-023
k6test-cu-474,k6test-bu-024
k6test-cu-475,k6test-bu-025
k6test-cu-476,k6test-bu-026
k6test-cu-477,k6test-bu-027
k6test-cu-478,k6test-bu-028
k6test-cu-479,k6test-bu-029
k6test-cu-480,k6test-bu-030
k6test-cu-481,k6test-bu-031
k6test-cu-482,k6test-bu-032
k6test-cu-483,k6test-bu-033
k6test-cu-484,k6test-bu-034
k6test-cu-485,k6test-bu-035
k6test-cu-486,k6test-bu-036
k6test-cu-487,k6test-bu-037
k6test-cu-488,k6test-bu-038
k6test-cu-489,k6test-bu-039
k6test-cu-490,k6test-bu-040
k6test-cu-491,k6test-bu-041
k6test-cu-492,k6test-bu-042
k6test-cu-493,k6test-bu-043
k6test-cu-494,k6test-bu-044
k6test-cu-495,k6test-bu-045
k6test-cu-496,k6test-bu-046
k6test-cu-497,k6test-bu-047
k6test-cu-498,k6test-bu-048
k6test-cu-499,k6test-bu-049
k6test-cu-500,k6test-bu-050
k6test-cu-501,k6test-bu-001
k6test-cu-502,k6test-bu-002
k6test-cu-503,k6test-bu-003
k6test-cu-504,k6test-bu-004
k6test-cu-505,k6test-bu-005
k6test-cu-506,k6test-bu-006
k6test-cu-507,k6test-bu-007
k6test-cu-508,k6test-bu-008
k6test-cu-509,k6test-bu-009
k6test-cu-510,k6test-bu-010
k6test-cu-511,k6test-bu-011
k6test-cu-512,k6test-bu-012
k6test-cu-513,k6test-bu-013
k6test-cu-514,k6test-bu-014
k6test-cu-515,k6test-bu-015
k6test-cu-516,k6test-bu-016
k6test-cu-517,k6test-bu-017
k6test-cu-518,k6test-bu-018
k6test-cu-519,k6test-bu-019
k6test-cu-520,k6test-bu-020
k6test-cu-521,k6test-bu-021
k6test-cu-522,k6test-bu-022
k6test-cu-523,k6test-bu-023
k6test-cu-524,k6test-bu-024
k6test-cu-525,k6test-bu-025
k6test-cu-526,k6test-bu-026
k6test-cu-527,k6test-bu-027
k6test-cu-528,k6test-bu-028
k6test-cu-529,k6test-bu-029
k6test-cu-530,k6test-bu-030
k6test-cu-531,k6test-bu-031
k6test-cu-532,k6test-bu-032
k6test-cu-533,k6test-bu-033
k6test-cu-534,k6test-bu-034
k6test-cu-535,k6test-bu-035
k6test-cu-536,k6test-bu-036
k6test-cu-537,k6test-bu-037
k6test-cu-538,k6test-bu-038
k6test-cu-539,k6test-bu-039
k6test-cu-540,k6test-bu-040
k6test-cu-541,k6test-bu-041
k6test-cu-542,k6test-bu-042
k6test-cu-543,k6test-bu-043
k6test-cu-544,k6test-bu-044
k6test-cu-545,k6test-bu-045
k6test-cu-546,k6test-bu-046
k6test-cu-547,k6test-bu-047
k6test-cu-548,k6test-bu-048
k6test-cu-549,k6test-bu-049
k6test-cu-550,k6test-bu-050
k6test-cu-551,k6test-bu-001
k6test-cu-552,k6test-bu-002
k6test-cu-553,k6test-bu-003
k6test-cu-554,k6test-bu-004
k6test-cu-555,k6test-bu-005
k6test-cu-556,k6test-bu-006
k6test-cu-557,k6test-bu-007
k6test-cu-558,k6test-bu-008
k6test-cu-559,k6test-bu-009
k6test-cu-560,k6test-bu-010
k6test-cu-561,k6test-bu-011
k6test-cu-562,k6test-bu-012
k6test-cu-563,k6test-bu-013
k6test-cu-564,k6test-bu-014
k6test-cu-565,k6test-bu-015
k6test-cu-566,k6test-bu-016
k6test-cu-567,k6test-bu-017
k6test-cu-568,k6test-bu-018
k6test-cu-569,k6test-bu-019
k6test-cu-570,k6test-bu-020
k6test-cu-571,k6test-bu-021
k6test-cu-572,k6test-bu-022
k6test-cu-573,k6test-bu-023
k6test-cu-574,k6test-bu-024
k6test-cu-575,k6test-bu-025
k6test-cu-576,k6test-bu-026
k6test-cu-577,k6test-bu-027
k6test-cu-578,k6test-bu-028
k6test-cu-579,k6test-bu-029
k6test-cu-580,k6test-bu-030
k6test-cu-581,k6test-bu-031
k6test-cu-582,k6test-bu-032
k6test-cu-583,k6test-bu-033
k6test-cu-584,k6test-bu-034
k6test-cu-585,k6test-bu-035
k6test-cu-586,k6test-bu-036
k6test-cu-587,k6test-bu-037
k6test-cu-588,k6test-bu-038
k6test-cu-589,k6test-bu-039
k6test-cu-590,k6test-bu-040
k6test-cu-591,k6test-bu-041
k6test-cu-592,k6test-bu-042
k6test-cu-593,k6test-bu-043
k6test-cu-594,k6test-bu-044
k6test-cu-595,k6test-bu-045
k6test-cu-596,k6test-bu-046
k6test-cu-597,k6test-bu-047
k6test-cu-598,k6test-bu-048
k6test-cu-599,k6test-bu-049
k6test-cu-600,k6test-bu-050
k6test-cu-601,k6test-bu-001
k6test-cu-602,k6test-bu-002
k6test-cu-603,k6test-bu-003
k6test-cu-604,k6test-bu-004
k6test-cu-605,k6test-bu-005
k6test-cu-606,k6test-bu-006
k6test-cu-607,k6test-bu-007
k6test-cu-608,k6test-bu-008
k6test-cu-609,k6test-bu-009
k6test-cu-610,k6test-bu-010
k6test-cu-611,k6test-bu-011
k6test-cu-612,k6test-bu-012
k6test-cu-613,k6test-bu-013
k6test-cu-614,k6test-bu-014
k6test-cu-615,k6test-bu-015
k6test-cu-616,k6test-bu-016
k6test-cu-617,k6test-bu-017
k6test-cu-618,k6test-bu-018
k6test-cu-619,k6test-bu-019
k6test-cu-620,k6test-bu-020
k6test-cu-621,k6test-bu-021
k6test-cu-622,k6test-bu-022
k6test-cu-623,k6test-bu-023
k6test-cu-624,k6test-bu-024
k6test-cu-625,k6test-bu-025
k6test-cu-626,k6test-bu-026
k6test-cu-627,k6test-bu-027
k6test-cu-628,k6test-bu-028
k6test-cu-629,k6test-bu-029
k6test-cu-630,k6test-bu-030
k6test-cu-631,k6test-bu-031
k6test-cu-632,k6test-bu-032
k6test-cu-633,k6test-bu-033
k6test-cu-634,k6test-bu-034
k6test-cu-635,k6test-bu-035
k6test-cu-636,k6test-bu-036
k6test-cu-637,k6test-bu-037
k6test-cu-638,k6test-bu-038
k6test-cu-639,k6test-bu-039
k6test-cu-640,k6test-bu-040
k6test-cu-641,k6test-bu-041
k6test-cu-642,k6test-bu-042
k6test-cu-643,k6test-bu-043
k6test-cu-644,k6test-bu-044
k6test-cu-645,k6test-bu-045
k6test-cu-646,k6test-bu-046
k6test-cu-647,k6test-bu-047
k6test-cu-648,k6test-bu-048
k6test-cu-649,k6test-bu-049
k6test-cu-650,k6test-bu-050
k6test-cu-651,k6test-bu-001
k6test-cu-652,k6test-bu-002
k6test-cu-653,k6test-bu-003
k6test-cu-654,k6test-bu-004
k6test-cu-655,k6test-bu-005
k6test-cu-656,k6test-bu-006
k6test-cu-657,k6test-bu-007
k6test-cu-658,k6test-bu-008
k6test-cu-659,k6test-bu-009
k6test-cu-660,k6test-bu-010
k6test-cu-661,k6test-bu-011
k6test-cu-662,k6test-bu-012
k6test-cu-663,k6test-bu-013
k6test-cu-664,k6test-bu-014
k6test-cu-665,k6test-bu-015
k6test-cu-666,k6test-bu-016
k6test-cu-667,k6test-bu-017
k6test-cu-668,k6test-bu-018
k6test-cu-669,k6test-bu-019
k6test-cu-670,k6test-bu-020
k6test-cu-671,k6test-bu-021
k6test-cu-672,k6test-bu-022
k6test-cu-673,k6test-bu-023
k6test-cu-674,k6test-bu-024
k6test-cu-675,k6test-bu-025
k6test-cu-676,k6test-bu-026
k6test-cu-677,k6test-bu-027
k6test-cu-678,k6test-bu-028
k6test-cu-679,k6test-bu-029
k6test-cu-680,k6test-bu-030
k6test-cu-681,k6test-bu-031
k6test-cu-682,k6test-bu-032
k6test-cu-683,k6test-bu-033
k6test-cu-684,k6test-bu-034
k6test-cu-685,k6test-bu-035
k6test-cu-686,k6test-bu-036
k6test-cu-687,k6test-bu-037
k6test-cu-688,k6test-bu-038
k6test-cu-689,k6test-bu-039
k6test-cu-690,k6test-bu-040
k6test-cu-691,k6test-bu-041
k6test-cu-692,k6test-bu-042
k6test-cu-693,k6test-bu-043
k6test-cu-694,k6test-bu-044
k6test-cu-695,k6test-bu-045
k6test-cu-696,k6test-bu-046
k6test-cu-697,k6test-bu-047
k6test-cu-698,k6test-bu-048
k6test-cu-699,k6test-bu-049
k6test-cu-700,k6test-bu-050
k6test-cu-701,k6test-bu-001
k6test-cu-702,k6test-bu-002
k6test-cu-703,k6test-bu-003
k6test-cu-704,k6test-bu-004
k6test-cu-705,k6test-bu-005
k6test-cu-706,k6test-bu-006
k6test-cu-707,k6test-bu-007
k6test-cu-708,k6test-bu-008
k6test-cu-709,k6test-bu-009
k6test-cu-710,k6test-bu-010
k6test-cu-711,k6test-bu-011
k6test-cu-712,k6test-bu-012
k6test-cu-713,k6test-bu-013
k6test-cu-714,k6test-bu-014
k6test-cu-715,k6test-bu-015
k6test-cu-716,k6test-bu-016
k6test-cu-717,k6test-bu-017
k6test-cu-718,k6test-bu-018
k6test-cu-719,k6test-bu-019
k6test-cu-720,k6test-bu-020
k6test-cu-721,k6test-bu-021
k6test-cu-722,k6test-bu-022
k6test-cu-723,k6test-bu-023
k6test-cu-724,k6test-bu-024
k6test-cu-725,k6test-bu-025
k6test-cu-726,k6test-bu-026
k6test-cu-727,k6test-bu-027
k6test-cu-728,k6test-bu-028
k6test-cu-729,k6test-bu-029
k6test-cu-730,k6test-bu-030
k6test-cu-731,k6test-bu-031
k6test-cu-732,k6test-bu-032
k6test-cu-733,k6test-bu-033
k6test-cu-734,k6test-bu-034
k6test-cu-735,k6test-bu-035
k6test-cu-736,k6test-bu-036
k6test-cu-737,k6test-bu-037
k6test-cu-738,k6test-bu-038
k6test-cu-739,k6test-bu-039
k6test-cu-740,k6test-bu-040
k6test-cu-741,k6test-bu-041
k6test-cu-742,k6test-bu-042
k6test-cu-743,k6test-bu-043
k6test-cu-744,k6test-bu-044
k6test-cu-745,k6test-bu-045
k6test-cu-746,k6test-bu-046
k6test-cu-747,k6test-bu-047
k6test-cu-748,k6test-bu-048
k6test-cu-749,k6test-bu-049
k6test-cu-750,k6test-bu-050
k6test-cu-751,k6test-bu-001
k6test-cu-752,k6test-bu-002
k6test-cu-753,k6test-bu-003
k6test-cu-754,k6test-bu-004
k6test-cu-755,k6test-bu-005
k6test-cu-756,k6test-bu-006
k6test-cu-757,k6test-bu-007
k6test-cu-758,k6test-bu-008
k6test-cu-759,k6test-bu-009
k6test-cu-760,k6test-bu-010
k6test-cu-761,k6test-bu-011
k6test-cu-762,k6test-bu-012
k6test-cu-763,k6test-bu-013
k6test-cu-764,k6test-bu-014
k6test-cu-765,k6test-bu-015
k6test-cu-766,k6test-bu-016
k6test-cu-767,k6test-bu-017
k6test-cu-768,k6test-bu-018
k6test-cu-769,k6test-bu-019
k6test-cu-770,k6test-bu-020
k6test-cu-771,k6test-bu-021
k6test-cu-772,k6test-bu-022
k6test-cu-773,k6test-bu-023
k6test-cu-774,k6test-bu-024
k6test-cu-775,k6test-bu-025
k6test-cu-776,k6test-bu-026
k6test-cu-777,k6test-bu-027
k6test-cu-778,k6test-bu-028
k6test-cu-779,k6test-bu-029
k6test-cu-780,k6test-bu-030
k6test-cu-781,k6test-bu-031
k6test-cu-782,k6test-bu-032
k6test-cu-783,k6test-bu-033
k6test-cu-784,k6test-bu-034
k6test-cu-785,k6test-bu-035
k6test-cu-786,k6test-bu-036
k6test-cu-787,k6test-bu-037
k6test-cu-788,k6test-bu-038
k6test-cu-789,k6test-bu-039
k6test-cu-790,k6test-bu-040
k6test-cu-791,k6test-bu-041
k6test-cu-792,k6test-bu-042
k6test-cu-793,k6test-bu-043
k6test-cu-794,k6test-bu-044
k6test-cu-795,k6test-bu-045
k6test-cu-796,k6test-bu-046
k6test-cu-797,k6test-bu-047
k6test-cu-798,k6test-bu-048
k6test-cu-799,k6test-bu-049
k6test-cu-800,k6test-bu-050
k6test-cu-801,k6test-bu-001
k6test-cu-802,k6test-bu-002
k6test-cu-803,k6test-bu-003
k6test-cu-804,k6test-bu-004
k6test-cu-805,k6test-bu-005
k6test-cu-806,k6test-bu-006
k6test-cu-807,k6test-bu-007
k6test-cu-808,k6test-bu-008
k6test-cu-809,k6test-bu-009
k6test-cu-810,k6test-bu-010
k6test-cu-811,k6test-bu-011
k6test-cu-812,k6test-bu-012
k6test-cu-813,k6test-bu-013
k6test-cu-814,k6test-bu-014
k6test-cu-815,k6test-bu-015
k6test-cu-816,k6test-bu-016
k6test-cu-817,k6test-bu-017
k6test-cu-818,k6test-bu-018
k6test-cu-819,k6test-bu-019
k6test-cu-820,k6test-bu-020
k6test-cu-821,k6test-bu-021
k6test-cu-822,k6test-bu-022
k6test-cu-823,k6test-bu-023
k6test-cu-824,k6test-bu-024
k6test-cu-825,k6test-bu-025
k6test-cu-826,k6test-bu-026
k6test-cu-827,k6test-bu-027
k6test-cu-828,k6test-bu-028
k6test-cu-829,k6test-bu-029
k6test-cu-830,k6test-bu-030
k6test-cu-831,k6test-bu-031
k6test-cu-832,k6test-bu-032
k6test-cu-833,k6test-bu-033
k6test-cu-834,k6test-bu-034
k6test-cu-835,k6test-bu-035
k6test-cu-836,k6test-bu-036
k6test-cu-837,k6test-bu-037
k6test-cu-838,k6test-bu-038
k6test-cu-839,k6test-bu-039
k6test-cu-840,k6test-bu-040
k6test-cu-841,k6test-bu-041
k6test-cu-842,k6test-bu-042
k6test-cu-843,k6test-bu-043
k6test-cu-844,k6test-bu-044
k6test-cu-845,k6test-bu-045
k6test-cu-846,k6test-bu-046
k6test-cu-847,k6test-bu-047
k6test-cu-848,k6test-bu-048
k6test-cu-849,k6test-bu-049
k6test-cu-850,k6test-bu-050
k6test-cu-851,k6test-bu-001
k6test-cu-852,k6test-bu-002
k6test-cu-853,k6test-bu-003
k6test-cu-854,k6test-bu-004
k6test-cu-855,k6test-bu-005
k6test-cu-856,k6test-bu-006
k6test-cu-857,k6test-bu-007
k6test-cu-858,k6test-bu-008
k6test-cu-859,k6test-bu-009
k6test-cu-860,k6test-bu-010
k6test-cu-861,k6test-bu-011
k6test-cu-862,k6test-bu-012
k6test-cu-863,k6test-bu-013
k6test-cu-864,k6test-bu-014
k6test-cu-865,k6test-bu-015
k6test-cu-866,k6test-bu-016
k6test-cu-867,k6test-bu-017
k6test-cu-868,k6test-bu-018
k6test-cu-869,k6test-bu-019
k6test-cu-870,k6test-bu-020
k6test-cu-871,k6test-bu-021
k6test-cu-872,k6test-bu-022
k6test-cu-873,k6test-bu-023
k6test-cu-874,k6test-bu-024
k6test-cu-875,k6test-bu-025
k6test-cu-876,k6test-bu-026
k6test-cu-877,k6test-bu-027
k6test-cu-878,k6test-bu-028
k6test-cu-879,k6test-bu-029
k6test-cu-880,k6test-bu-030
k6test-cu-881,k6test-bu-031
k6test-cu-882,k6test-bu-032
k6test-cu-883,k6test-bu-033
k6test-cu-884,k6test-bu-034
k6test-cu-885,k6test-bu-035
k6test-cu-886,k6test-bu-036
k6test-cu-887,k6test-bu-037
k6test-cu-888,k6test-bu-038
k6test-cu-889,k6test-bu-039
k6test-cu-890,k6test-bu-040
k6test-cu-891,k6test-bu-041
k6test-cu-892,k6test-bu-042
k6test-cu-893,k6test-bu-043
k6test-cu-894,k6test-bu-044
k6test-cu-895,k6test-bu-045
k6test-cu-896,k6test-bu-046
k6test-cu-897,k6test-bu-047
k6test-cu-898,k6test-bu-048
k6test-cu-899,k6test-bu-049
k6test-cu-900,k6test-bu-050
k6test-cu-901,k6test-bu-001
k6test-cu-902,k6test-bu-002
k6test-cu-903,k6test-bu-003
k6test-cu-904,k6test-bu-004
k6test-cu-905,k6test-bu-005
k6test-cu-906,k6test-bu-006
k6test-cu-907,k6test-bu-007
k6test-cu-908,k6test-bu-008
k6test-cu-909,k6test-bu-009
k6test-cu-910,k6test-bu-010
k6test-cu-911,k6test-bu-011
k6test-cu-912,k6test-bu-012
k6test-cu-913,k6test-bu-013
k6test-cu-914,k6test-bu-014
k6test-cu-915,k6test-bu-015
k6test-cu-916,k6test-bu-016
k6test-cu-917,k6test-bu-017
k6test-cu-918,k6test-bu-018
k6test-cu-919,k6test-bu-019
k6test-cu-920,k6test-bu-020
k6test-cu-921,k6test-bu-021
k6test-cu-922,k6test-bu-022
k6test-cu-923,k6test-bu-023
k6test-cu-924,k6test-bu-024
k6test-cu-925,k6test-bu-025
k6test-cu-926,k6test-bu-026
k6test-cu-927,k6test-bu-027
k6test-cu-928,k6test-bu-028
k6test-cu-929,k6test-bu-029
k6test-cu-930,k6test-bu-030
k6test-cu-931,k6test-bu-031
k6test-cu-932,k6test-bu-032
k6test-cu-933,k6test-bu-033
k6test-cu-934,k6test-bu-034
k6test-cu-935,k6test-bu-035
k6test-cu-936,k6test-bu-036
k6test-cu-937,k6test-bu-037
k6test-cu-938,k6test-bu-038
k6test-cu-939,k6test-bu-039
k6test-cu-940,k6test-bu-040
k6test-cu-941,k6test-bu-041
k6test-cu-942,k6test-bu-042
k6test-cu-943,k6test-bu-043
k6test-cu-944,k6test-bu-044
k6test-cu-945,k6test-bu-045
k6test-cu-946,k6test-bu-046
k6test-cu-947,k6test-bu-047
k6test-cu-948,k6test-bu-048
k6test-cu-949,k6test-bu-049
k6test-cu-950,k6test-bu-050
k6test-cu-951,k6test-bu-001
k6test-cu-952,k6test-bu-002
k6test-cu-953,k6test-bu-003
k6test-cu-954,k6test-bu-004
k6test-cu-955,k6test-bu-005
k6test-cu-956,k6test-bu-006
k6test-cu-957,k6test-bu-007
k6test-cu-958,k6test-bu-008
k6test-cu-959,k6test-bu-009
k6test-cu-960,k6test-bu-010
k6test-cu-961,k6test-bu-011
k6test-cu-962,k6test-bu-012
k6test-cu-963,k6test-bu-013
k6test-cu-964,k6test-bu-014
k6test-cu-965,k6test-bu-015
k6test-cu-966,k6test-bu-016
k6test-cu-967,k6test-bu-017
k6test-cu-968,k6test-bu-018
k6test-cu-969,k6test-bu-019
k6test-cu-970,k6test-bu-020
k6test-cu-971,k6test-bu-021
k6test-cu-972,k6test-bu-022
k6test-cu-973,k6test-bu-023
k6test-cu-974,k6test-bu-024
k6test-cu-975,k6test-bu-025
k6test-cu-976,k6test-bu-026
k6test-cu-977,k6test-bu-027
k6test-cu-978,k6test-bu-028
k6test-cu-979,k6test-bu-029
k6test-cu-980,k6test-bu-030
k6test-cu-981,k6test-bu-031
k6test-cu-982,k6test-bu-032
k6test-cu-983,k6test-bu-033
k6test-cu-984,k6test-bu-034
k6test-cu-985,k6test-bu-035
k6test-cu-986,k6test-bu-036
k6test-cu-987,k6test-bu-037
k6test-cu-988,k6test-bu-038
k6test-cu-989,k6test-bu-039
k6test-cu-990,k6test-bu-040
k6test-cu-991,k6test-bu-041
k6test-cu-992,k6test-bu-042
k6test-cu-993,k6test-bu-043
k6test-cu-994,k6test-bu-044
k6test-cu-995,k6test-bu-045
k6test-cu-996,k6test-bu-046
k6test-cu-997,k6test-bu-047
k6test-cu-998,k6test-bu-048
k6test-cu-999,k6test-bu-049
k6test-cu-1000,k6test-bu-050
