key,name,is_active,status
k6test-company-001,K6 Load Test Company 001,true,approved
k6test-company-002,K6 Load Test Company 002,true,approved
k6test-company-003,K6 Load Test Company 003,true,approved
k6test-company-004,K6 Load Test Company 004,true,approved
k6test-company-005,K6 Load Test Company 005,true,approved
k6test-company-006,K6 Load Test Company 006,true,approved
k6test-company-007,K6 Load Test Company 007,true,approved
k6test-company-008,K6 Load Test Company 008,true,approved
k6test-company-009,K6 Load Test Company 009,true,approved
k6test-company-010,K6 Load Test Company 010,true,approved
k6test-company-011,K6 Load Test Company 011,true,approved
k6test-company-012,K6 Load Test Company 012,true,approved
k6test-company-013,K6 Load Test Company 013,true,approved
k6test-company-014,K6 Load Test Company 014,true,approved
k6test-company-015,K6 Load Test Company 015,true,approved
k6test-company-016,K6 Load Test Company 016,true,approved
k6test-company-017,K6 Load Test Company 017,true,approved
k6test-company-018,K6 Load Test Company 018,true,approved
k6test-company-019,K6 Load Test Company 019,true,approved
k6test-company-020,K6 Load Test Company 020,true,approved
k6test-company-021,K6 Load Test Company 021,true,approved
k6test-company-022,K6 Load Test Company 022,true,approved
k6test-company-023,K6 Load Test Company 023,true,approved
k6test-company-024,K6 Load Test Company 024,true,approved
k6test-company-025,K6 Load Test Company 025,true,approved
k6test-company-026,K6 Load Test Company 026,true,approved
k6test-company-027,K6 Load Test Company 027,true,approved
k6test-company-028,K6 Load Test Company 028,true,approved
k6test-company-029,K6 Load Test Company 029,true,approved
k6test-company-030,K6 Load Test Company 030,true,approved
k6test-company-031,K6 Load Test Company 031,true,approved
k6test-company-032,K6 Load Test Company 032,true,approved
k6test-company-033,K6 Load Test Company 033,true,approved
k6test-company-034,K6 Load Test Company 034,true,approved
k6test-company-035,K6 Load Test Company 035,true,approved
k6test-company-036,K6 Load Test Company 036,true,approved
k6test-company-037,K6 Load Test Company 037,true,approved
k6test-company-038,K6 Load Test Company 038,true,approved
k6test-company-039,K6 Load Test Company 039,true,approved
k6test-company-040,K6 Load Test Company 040,true,approved
k6test-company-041,K6 Load Test Company 041,true,approved
k6test-company-042,K6 Load Test Company 042,true,approved
k6test-company-043,K6 Load Test Company 043,true,approved
k6test-company-044,K6 Load Test Company 044,true,approved
k6test-company-045,K6 Load Test Company 045,true,approved
k6test-company-046,K6 Load Test Company 046,true,approved
k6test-company-047,K6 Load Test Company 047,true,approved
k6test-company-048,K6 Load Test Company 048,true,approved
k6test-company-049,K6 Load Test Company 049,true,approved
k6test-company-050,K6 Load Test Company 050,true,approved
