company_key,business_unit_key,name,email,phone,external_url,iban,bic,parent_business_unit_key
k6test-company-001,k6test-bu-001,K6 BU 001,loadtest+1@k6.local,,,,,
k6test-company-002,k6test-bu-002,K6 BU 002,loadtest+2@k6.local,,,,,
k6test-company-003,k6test-bu-003,K6 BU 003,loadtest+3@k6.local,,,,,
k6test-company-004,k6test-bu-004,K6 BU 004,loadtest+4@k6.local,,,,,
k6test-company-005,k6test-bu-005,K6 BU 005,loadtest+5@k6.local,,,,,
k6test-company-006,k6test-bu-006,K6 BU 006,loadtest+6@k6.local,,,,,
k6test-company-007,k6test-bu-007,K6 BU 007,loadtest+7@k6.local,,,,,
k6test-company-008,k6test-bu-008,K6 BU 008,loadtest+8@k6.local,,,,,
k6test-company-009,k6test-bu-009,K6 BU 009,loadtest+9@k6.local,,,,,
k6test-company-010,k6test-bu-010,K6 BU 010,loadtest+10@k6.local,,,,,
k6test-company-011,k6test-bu-011,K6 BU 011,loadtest+11@k6.local,,,,,
k6test-company-012,k6test-bu-012,K6 BU 012,loadtest+12@k6.local,,,,,
k6test-company-013,k6test-bu-013,K6 BU 013,loadtest+13@k6.local,,,,,
k6test-company-014,k6test-bu-014,K6 BU 014,loadtest+14@k6.local,,,,,
k6test-company-015,k6test-bu-015,K6 BU 015,loadtest+15@k6.local,,,,,
k6test-company-016,k6test-bu-016,K6 BU 016,loadtest+16@k6.local,,,,,
k6test-company-017,k6test-bu-017,K6 BU 017,loadtest+17@k6.local,,,,,
k6test-company-018,k6test-bu-018,K6 BU 018,loadtest+18@k6.local,,,,,
k6test-company-019,k6test-bu-019,K6 BU 019,loadtest+19@k6.local,,,,,
k6test-company-020,k6test-bu-020,K6 BU 020,loadtest+20@k6.local,,,,,
k6test-company-021,k6test-bu-021,K6 BU 021,loadtest+21@k6.local,,,,,
k6test-company-022,k6test-bu-022,K6 BU 022,loadtest+22@k6.local,,,,,
k6test-company-023,k6test-bu-023,K6 BU 023,loadtest+23@k6.local,,,,,
k6test-company-024,k6test-bu-024,K6 BU 024,loadtest+24@k6.local,,,,,
k6test-company-025,k6test-bu-025,K6 BU 025,loadtest+25@k6.local,,,,,
k6test-company-026,k6test-bu-026,K6 BU 026,loadtest+26@k6.local,,,,,
k6test-company-027,k6test-bu-027,K6 BU 027,loadtest+27@k6.local,,,,,
k6test-company-028,k6test-bu-028,K6 BU 028,loadtest+28@k6.local,,,,,
k6test-company-029,k6test-bu-029,K6 BU 029,loadtest+29@k6.local,,,,,
k6test-company-030,k6test-bu-030,K6 BU 030,loadtest+30@k6.local,,,,,
k6test-company-031,k6test-bu-031,K6 BU 031,loadtest+31@k6.local,,,,,
k6test-company-032,k6test-bu-032,K6 BU 032,loadtest+32@k6.local,,,,,
k6test-company-033,k6test-bu-033,K6 BU 033,loadtest+33@k6.local,,,,,
k6test-company-034,k6test-bu-034,K6 BU 034,loadtest+34@k6.local,,,,,
k6test-company-035,k6test-bu-035,K6 BU 035,loadtest+35@k6.local,,,,,
k6test-company-036,k6test-bu-036,K6 BU 036,loadtest+36@k6.local,,,,,
k6test-company-037,k6test-bu-037,K6 BU 037,loadtest+37@k6.local,,,,,
k6test-company-038,k6test-bu-038,K6 BU 038,loadtest+38@k6.local,,,,,
k6test-company-039,k6test-bu-039,K6 BU 039,loadtest+39@k6.local,,,,,
k6test-company-040,k6test-bu-040,K6 BU 040,loadtest+40@k6.local,,,,,
k6test-company-041,k6test-bu-041,K6 BU 041,loadtest+41@k6.local,,,,,
k6test-company-042,k6test-bu-042,K6 BU 042,loadtest+42@k6.local,,,,,
k6test-company-043,k6test-bu-043,K6 BU 043,loadtest+43@k6.local,,,,,
k6test-company-044,k6test-bu-044,K6 BU 044,loadtest+44@k6.local,,,,,
k6test-company-045,k6test-bu-045,K6 BU 045,loadtest+45@k6.local,,,,,
k6test-company-046,k6test-bu-046,K6 BU 046,loadtest+46@k6.local,,,,,
k6test-company-047,k6test-bu-047,K6 BU 047,loadtest+47@k6.local,,,,,
k6test-company-048,k6test-bu-048,K6 BU 048,loadtest+48@k6.local,,,,,
k6test-company-049,k6test-bu-049,K6 BU 049,loadtest+49@k6.local,,,,,
k6test-company-050,k6test-bu-050,K6 BU 050,loadtest+50@k6.local,,,,,
