company_user_key,customer_reference,company_key,is_default
k6test-cu-1,K6--00001,k6test-company-001,true
k6test-cu-2,K6--00002,k6test-company-002,true
k6test-cu-3,K6--00003,k6test-company-003,true
k6test-cu-4,K6--00004,k6test-company-004,true
k6test-cu-5,K6--00005,k6test-company-005,true
k6test-cu-6,K6--00006,k6test-company-006,true
k6test-cu-7,K6--00007,k6test-company-007,true
k6test-cu-8,K6--00008,k6test-company-008,true
k6test-cu-9,K6--00009,k6test-company-009,true
k6test-cu-10,K6--00010,k6test-company-010,true
k6test-cu-11,K6--00011,k6test-company-011,true
k6test-cu-12,K6--00012,k6test-company-012,true
k6test-cu-13,K6--00013,k6test-company-013,true
k6test-cu-14,K6--00014,k6test-company-014,true
k6test-cu-15,K6--00015,k6test-company-015,true
k6test-cu-16,K6--00016,k6test-company-016,true
k6test-cu-17,K6--00017,k6test-company-017,true
k6test-cu-18,K6--00018,k6test-company-018,true
k6test-cu-19,K6--00019,k6test-company-019,true
k6test-cu-20,K6--00020,k6test-company-020,true
k6test-cu-21,K6--00021,k6test-company-021,true
k6test-cu-22,K6--00022,k6test-company-022,true
k6test-cu-23,K6--00023,k6test-company-023,true
k6test-cu-24,K6--00024,k6test-company-024,true
k6test-cu-25,K6--00025,k6test-company-025,true
k6test-cu-26,K6--00026,k6test-company-026,true
k6test-cu-27,K6--00027,k6test-company-027,true
k6test-cu-28,K6--00028,k6test-company-028,true
k6test-cu-29,K6--00029,k6test-company-029,true
k6test-cu-30,K6--00030,k6test-company-030,true
k6test-cu-31,K6--00031,k6test-company-031,true
k6test-cu-32,K6--00032,k6test-company-032,true
k6test-cu-33,K6--00033,k6test-company-033,true
k6test-cu-34,K6--00034,k6test-company-034,true
k6test-cu-35,K6--00035,k6test-company-035,true
k6test-cu-36,K6--00036,k6test-company-036,true
k6test-cu-37,K6--00037,k6test-company-037,true
k6test-cu-38,K6--00038,k6test-company-038,true
k6test-cu-39,K6--00039,k6test-company-039,true
k6test-cu-40,K6--00040,k6test-company-040,true
k6test-cu-41,K6--00041,k6test-company-041,true
k6test-cu-42,K6--00042,k6test-company-042,true
k6test-cu-43,K6--00043,k6test-company-043,true
k6test-cu-44,K6--00044,k6test-company-044,true
k6test-cu-45,K6--00045,k6test-company-045,true
k6test-cu-46,K6--00046,k6test-company-046,true
k6test-cu-47,K6--00047,k6test-company-047,true
k6test-cu-48,K6--00048,k6test-company-048,true
k6test-cu-49,K6--00049,k6test-company-049,true
k6test-cu-50,K6--00050,k6test-company-050,true
k6test-cu-51,K6--00051,k6test-company-001,true
k6test-cu-52,K6--00052,k6test-company-002,true
k6test-cu-53,K6--00053,k6test-company-003,true
k6test-cu-54,K6--00054,k6test-company-004,true
k6test-cu-55,K6--00055,k6test-company-005,true
k6test-cu-56,K6--00056,k6test-company-006,true
k6test-cu-57,K6--00057,k6test-company-007,true
k6test-cu-58,K6--00058,k6test-company-008,true
k6test-cu-59,K6--00059,k6test-company-009,true
k6test-cu-60,K6--00060,k6test-company-010,true
k6test-cu-61,K6--00061,k6test-company-011,true
k6test-cu-62,K6--00062,k6test-company-012,true
k6test-cu-63,K6--00063,k6test-company-013,true
k6test-cu-64,K6--00064,k6test-company-014,true
k6test-cu-65,K6--00065,k6test-company-015,true
k6test-cu-66,K6--00066,k6test-company-016,true
k6test-cu-67,K6--00067,k6test-company-017,true
k6test-cu-68,K6--00068,k6test-company-018,true
k6test-cu-69,K6--00069,k6test-company-019,true
k6test-cu-70,K6--00070,k6test-company-020,true
k6test-cu-71,K6--00071,k6test-company-021,true
k6test-cu-72,K6--00072,k6test-company-022,true
k6test-cu-73,K6--00073,k6test-company-023,true
k6test-cu-74,K6--00074,k6test-company-024,true
k6test-cu-75,K6--00075,k6test-company-025,true
k6test-cu-76,K6--00076,k6test-company-026,true
k6test-cu-77,K6--00077,k6test-company-027,true
k6test-cu-78,K6--00078,k6test-company-028,true
k6test-cu-79,K6--00079,k6test-company-029,true
k6test-cu-80,K6--00080,k6test-company-030,true
k6test-cu-81,K6--00081,k6test-company-031,true
k6test-cu-82,K6--00082,k6test-company-032,true
k6test-cu-83,K6--00083,k6test-company-033,true
k6test-cu-84,K6--00084,k6test-company-034,true
k6test-cu-85,K6--00085,k6test-company-035,true
k6test-cu-86,K6--00086,k6test-company-036,true
k6test-cu-87,K6--00087,k6test-company-037,true
k6test-cu-88,K6--00088,k6test-company-038,true
k6test-cu-89,K6--00089,k6test-company-039,true
k6test-cu-90,K6--00090,k6test-company-040,true
k6test-cu-91,K6--00091,k6test-company-041,true
k6test-cu-92,K6--00092,k6test-company-042,true
k6test-cu-93,K6--00093,k6test-company-043,true
k6test-cu-94,K6--00094,k6test-company-044,true
k6test-cu-95,K6--00095,k6test-company-045,true
k6test-cu-96,K6--00096,k6test-company-046,true
k6test-cu-97,K6--00097,k6test-company-047,true
k6test-cu-98,K6--00098,k6test-company-048,true
k6test-cu-99,K6--00099,k6test-company-049,true
k6test-cu-100,K6--00100,k6test-company-050,true
k6test-cu-101,K6--00101,k6test-company-001,true
k6test-cu-102,K6--00102,k6test-company-002,true
k6test-cu-103,K6--00103,k6test-company-003,true
k6test-cu-104,K6--00104,k6test-company-004,true
k6test-cu-105,K6--00105,k6test-company-005,true
k6test-cu-106,K6--00106,k6test-company-006,true
k6test-cu-107,K6--00107,k6test-company-007,true
k6test-cu-108,K6--00108,k6test-company-008,true
k6test-cu-109,K6--00109,k6test-company-009,true
k6test-cu-110,K6--00110,k6test-company-010,true
k6test-cu-111,K6--00111,k6test-company-011,true
k6test-cu-112,K6--00112,k6test-company-012,true
k6test-cu-113,K6--00113,k6test-company-013,true
k6test-cu-114,K6--00114,k6test-company-014,true
k6test-cu-115,K6--00115,k6test-company-015,true
k6test-cu-116,K6--00116,k6test-company-016,true
k6test-cu-117,K6--00117,k6test-company-017,true
k6test-cu-118,K6--00118,k6test-company-018,true
k6test-cu-119,K6--00119,k6test-company-019,true
k6test-cu-120,K6--00120,k6test-company-020,true
k6test-cu-121,K6--00121,k6test-company-021,true
k6test-cu-122,K6--00122,k6test-company-022,true
k6test-cu-123,K6--00123,k6test-company-023,true
k6test-cu-124,K6--00124,k6test-company-024,true
k6test-cu-125,K6--00125,k6test-company-025,true
k6test-cu-126,K6--00126,k6test-company-026,true
k6test-cu-127,K6--00127,k6test-company-027,true
k6test-cu-128,K6--00128,k6test-company-028,true
k6test-cu-129,K6--00129,k6test-company-029,true
k6test-cu-130,K6--00130,k6test-company-030,true
k6test-cu-131,K6--00131,k6test-company-031,true
k6test-cu-132,K6--00132,k6test-company-032,true
k6test-cu-133,K6--00133,k6test-company-033,true
k6test-cu-134,K6--00134,k6test-company-034,true
k6test-cu-135,K6--00135,k6test-company-035,true
k6test-cu-136,K6--00136,k6test-company-036,true
k6test-cu-137,K6--00137,k6test-company-037,true
k6test-cu-138,K6--00138,k6test-company-038,true
k6test-cu-139,K6--00139,k6test-company-039,true
k6test-cu-140,K6--00140,k6test-company-040,true
k6test-cu-141,K6--00141,k6test-company-041,true
k6test-cu-142,K6--00142,k6test-company-042,true
k6test-cu-143,K6--00143,k6test-company-043,true
k6test-cu-144,K6--00144,k6test-company-044,true
k6test-cu-145,K6--00145,k6test-company-045,true
k6test-cu-146,K6--00146,k6test-company-046,true
k6test-cu-147,K6--00147,k6test-company-047,true
k6test-cu-148,K6--00148,k6test-company-048,true
k6test-cu-149,K6--00149,k6test-company-049,true
k6test-cu-150,K6--00150,k6test-company-050,true
k6test-cu-151,K6--00151,k6test-company-001,true
k6test-cu-152,K6--00152,k6test-company-002,true
k6test-cu-153,K6--00153,k6test-company-003,true
k6test-cu-154,K6--00154,k6test-company-004,true
k6test-cu-155,K6--00155,k6test-company-005,true
k6test-cu-156,K6--00156,k6test-company-006,true
k6test-cu-157,K6--00157,k6test-company-007,true
k6test-cu-158,K6--00158,k6test-company-008,true
k6test-cu-159,K6--00159,k6test-company-009,true
k6test-cu-160,K6--00160,k6test-company-010,true
k6test-cu-161,K6--00161,k6test-company-011,true
k6test-cu-162,K6--00162,k6test-company-012,true
k6test-cu-163,K6--00163,k6test-company-013,true
k6test-cu-164,K6--00164,k6test-company-014,true
k6test-cu-165,K6--00165,k6test-company-015,true
k6test-cu-166,K6--00166,k6test-company-016,true
k6test-cu-167,K6--00167,k6test-company-017,true
k6test-cu-168,K6--00168,k6test-company-018,true
k6test-cu-169,K6--00169,k6test-company-019,true
k6test-cu-170,K6--00170,k6test-company-020,true
k6test-cu-171,K6--00171,k6test-company-021,true
k6test-cu-172,K6--00172,k6test-company-022,true
k6test-cu-173,K6--00173,k6test-company-023,true
k6test-cu-174,K6--00174,k6test-company-024,true
k6test-cu-175,K6--00175,k6test-company-025,true
k6test-cu-176,K6--00176,k6test-company-026,true
k6test-cu-177,K6--00177,k6test-company-027,true
k6test-cu-178,K6--00178,k6test-company-028,true
k6test-cu-179,K6--00179,k6test-company-029,true
k6test-cu-180,K6--00180,k6test-company-030,true
k6test-cu-181,K6--00181,k6test-company-031,true
k6test-cu-182,K6--00182,k6test-company-032,true
k6test-cu-183,K6--00183,k6test-company-033,true
k6test-cu-184,K6--00184,k6test-company-034,true
k6test-cu-185,K6--00185,k6test-company-035,true
k6test-cu-186,K6--00186,k6test-company-036,true
k6test-cu-187,K6--00187,k6test-company-037,true
k6test-cu-188,K6--00188,k6test-company-038,true
k6test-cu-189,K6--00189,k6test-company-039,true
k6test-cu-190,K6--00190,k6test-company-040,true
k6test-cu-191,K6--00191,k6test-company-041,true
k6test-cu-192,K6--00192,k6test-company-042,true
k6test-cu-193,K6--00193,k6test-company-043,true
k6test-cu-194,K6--00194,k6test-company-044,true
k6test-cu-195,K6--00195,k6test-company-045,true
k6test-cu-196,K6--00196,k6test-company-046,true
k6test-cu-197,K6--00197,k6test-company-047,true
k6test-cu-198,K6--00198,k6test-company-048,true
k6test-cu-199,K6--00199,k6test-company-049,true
k6test-cu-200,K6--00200,k6test-company-050,true
k6test-cu-201,K6--00201,k6test-company-001,true
k6test-cu-202,K6--00202,k6test-company-002,true
k6test-cu-203,K6--00203,k6test-company-003,true
k6test-cu-204,K6--00204,k6test-company-004,true
k6test-cu-205,K6--00205,k6test-company-005,true
k6test-cu-206,K6--00206,k6test-company-006,true
k6test-cu-207,K6--00207,k6test-company-007,true
k6test-cu-208,K6--00208,k6test-company-008,true
k6test-cu-209,K6--00209,k6test-company-009,true
k6test-cu-210,K6--00210,k6test-company-010,true
k6test-cu-211,K6--00211,k6test-company-011,true
k6test-cu-212,K6--00212,k6test-company-012,true
k6test-cu-213,K6--00213,k6test-company-013,true
k6test-cu-214,K6--00214,k6test-company-014,true
k6test-cu-215,K6--00215,k6test-company-015,true
k6test-cu-216,K6--00216,k6test-company-016,true
k6test-cu-217,K6--00217,k6test-company-017,true
k6test-cu-218,K6--00218,k6test-company-018,true
k6test-cu-219,K6--00219,k6test-company-019,true
k6test-cu-220,K6--00220,k6test-company-020,true
k6test-cu-221,K6--00221,k6test-company-021,true
k6test-cu-222,K6--00222,k6test-company-022,true
k6test-cu-223,K6--00223,k6test-company-023,true
k6test-cu-224,K6--00224,k6test-company-024,true
k6test-cu-225,K6--00225,k6test-company-025,true
k6test-cu-226,K6--00226,k6test-company-026,true
k6test-cu-227,K6--00227,k6test-company-027,true
k6test-cu-228,K6--00228,k6test-company-028,true
k6test-cu-229,K6--00229,k6test-company-029,true
k6test-cu-230,K6--00230,k6test-company-030,true
k6test-cu-231,K6--00231,k6test-company-031,true
k6test-cu-232,K6--00232,k6test-company-032,true
k6test-cu-233,K6--00233,k6test-company-033,true
k6test-cu-234,K6--00234,k6test-company-034,true
k6test-cu-235,K6--00235,k6test-company-035,true
k6test-cu-236,K6--00236,k6test-company-036,true
k6test-cu-237,K6--00237,k6test-company-037,true
k6test-cu-238,K6--00238,k6test-company-038,true
k6test-cu-239,K6--00239,k6test-company-039,true
k6test-cu-240,K6--00240,k6test-company-040,true
k6test-cu-241,K6--00241,k6test-company-041,true
k6test-cu-242,K6--00242,k6test-company-042,true
k6test-cu-243,K6--00243,k6test-company-043,true
k6test-cu-244,K6--00244,k6test-company-044,true
k6test-cu-245,K6--00245,k6test-company-045,true
k6test-cu-246,K6--00246,k6test-company-046,true
k6test-cu-247,K6--00247,k6test-company-047,true
k6test-cu-248,K6--00248,k6test-company-048,true
k6test-cu-249,K6--00249,k6test-company-049,true
k6test-cu-250,K6--00250,k6test-company-050,true
k6test-cu-251,K6--00251,k6test-company-001,true
k6test-cu-252,K6--00252,k6test-company-002,true
k6test-cu-253,K6--00253,k6test-company-003,true
k6test-cu-254,K6--00254,k6test-company-004,true
k6test-cu-255,K6--00255,k6test-company-005,true
k6test-cu-256,K6--00256,k6test-company-006,true
k6test-cu-257,K6--00257,k6test-company-007,true
k6test-cu-258,K6--00258,k6test-company-008,true
k6test-cu-259,K6--00259,k6test-company-009,true
k6test-cu-260,K6--00260,k6test-company-010,true
k6test-cu-261,K6--00261,k6test-company-011,true
k6test-cu-262,K6--00262,k6test-company-012,true
k6test-cu-263,K6--00263,k6test-company-013,true
k6test-cu-264,K6--00264,k6test-company-014,true
k6test-cu-265,K6--00265,k6test-company-015,true
k6test-cu-266,K6--00266,k6test-company-016,true
k6test-cu-267,K6--00267,k6test-company-017,true
k6test-cu-268,K6--00268,k6test-company-018,true
k6test-cu-269,K6--00269,k6test-company-019,true
k6test-cu-270,K6--00270,k6test-company-020,true
k6test-cu-271,K6--00271,k6test-company-021,true
k6test-cu-272,K6--00272,k6test-company-022,true
k6test-cu-273,K6--00273,k6test-company-023,true
k6test-cu-274,K6--00274,k6test-company-024,true
k6test-cu-275,K6--00275,k6test-company-025,true
k6test-cu-276,K6--00276,k6test-company-026,true
k6test-cu-277,K6--00277,k6test-company-027,true
k6test-cu-278,K6--00278,k6test-company-028,true
k6test-cu-279,K6--00279,k6test-company-029,true
k6test-cu-280,K6--00280,k6test-company-030,true
k6test-cu-281,K6--00281,k6test-company-031,true
k6test-cu-282,K6--00282,k6test-company-032,true
k6test-cu-283,K6--00283,k6test-company-033,true
k6test-cu-284,K6--00284,k6test-company-034,true
k6test-cu-285,K6--00285,k6test-company-035,true
k6test-cu-286,K6--00286,k6test-company-036,true
k6test-cu-287,K6--00287,k6test-company-037,true
k6test-cu-288,K6--00288,k6test-company-038,true
k6test-cu-289,K6--00289,k6test-company-039,true
k6test-cu-290,K6--00290,k6test-company-040,true
k6test-cu-291,K6--00291,k6test-company-041,true
k6test-cu-292,K6--00292,k6test-company-042,true
k6test-cu-293,K6--00293,k6test-company-043,true
k6test-cu-294,K6--00294,k6test-company-044,true
k6test-cu-295,K6--00295,k6test-company-045,true
k6test-cu-296,K6--00296,k6test-company-046,true
k6test-cu-297,K6--00297,k6test-company-047,true
k6test-cu-298,K6--00298,k6test-company-048,true
k6test-cu-299,K6--00299,k6test-company-049,true
k6test-cu-300,K6--00300,k6test-company-050,true
k6test-cu-301,K6--00301,k6test-company-001,true
k6test-cu-302,K6--00302,k6test-company-002,true
k6test-cu-303,K6--00303,k6test-company-003,true
k6test-cu-304,K6--00304,k6test-company-004,true
k6test-cu-305,K6--00305,k6test-company-005,true
k6test-cu-306,K6--00306,k6test-company-006,true
k6test-cu-307,K6--00307,k6test-company-007,true
k6test-cu-308,K6--00308,k6test-company-008,true
k6test-cu-309,K6--00309,k6test-company-009,true
k6test-cu-310,K6--00310,k6test-company-010,true
k6test-cu-311,K6--00311,k6test-company-011,true
k6test-cu-312,K6--00312,k6test-company-012,true
k6test-cu-313,K6--00313,k6test-company-013,true
k6test-cu-314,K6--00314,k6test-company-014,true
k6test-cu-315,K6--00315,k6test-company-015,true
k6test-cu-316,K6--00316,k6test-company-016,true
k6test-cu-317,K6--00317,k6test-company-017,true
k6test-cu-318,K6--00318,k6test-company-018,true
k6test-cu-319,K6--00319,k6test-company-019,true
k6test-cu-320,K6--00320,k6test-company-020,true
k6test-cu-321,K6--00321,k6test-company-021,true
k6test-cu-322,K6--00322,k6test-company-022,true
k6test-cu-323,K6--00323,k6test-company-023,true
k6test-cu-324,K6--00324,k6test-company-024,true
k6test-cu-325,K6--00325,k6test-company-025,true
k6test-cu-326,K6--00326,k6test-company-026,true
k6test-cu-327,K6--00327,k6test-company-027,true
k6test-cu-328,K6--00328,k6test-company-028,true
k6test-cu-329,K6--00329,k6test-company-029,true
k6test-cu-330,K6--00330,k6test-company-030,true
k6test-cu-331,K6--00331,k6test-company-031,true
k6test-cu-332,K6--00332,k6test-company-032,true
k6test-cu-333,K6--00333,k6test-company-033,true
k6test-cu-334,K6--00334,k6test-company-034,true
k6test-cu-335,K6--00335,k6test-company-035,true
k6test-cu-336,K6--00336,k6test-company-036,true
k6test-cu-337,K6--00337,k6test-company-037,true
k6test-cu-338,K6--00338,k6test-company-038,true
k6test-cu-339,K6--00339,k6test-company-039,true
k6test-cu-340,K6--00340,k6test-company-040,true
k6test-cu-341,K6--00341,k6test-company-041,true
k6test-cu-342,K6--00342,k6test-company-042,true
k6test-cu-343,K6--00343,k6test-company-043,true
k6test-cu-344,K6--00344,k6test-company-044,true
k6test-cu-345,K6--00345,k6test-company-045,true
k6test-cu-346,K6--00346,k6test-company-046,true
k6test-cu-347,K6--00347,k6test-company-047,true
k6test-cu-348,K6--00348,k6test-company-048,true
k6test-cu-349,K6--00349,k6test-company-049,true
k6test-cu-350,K6--00350,k6test-company-050,true
k6test-cu-351,K6--00351,k6test-company-001,true
k6test-cu-352,K6--00352,k6test-company-002,true
k6test-cu-353,K6--00353,k6test-company-003,true
k6test-cu-354,K6--00354,k6test-company-004,true
k6test-cu-355,K6--00355,k6test-company-005,true
k6test-cu-356,K6--00356,k6test-company-006,true
k6test-cu-357,K6--00357,k6test-company-007,true
k6test-cu-358,K6--00358,k6test-company-008,true
k6test-cu-359,K6--00359,k6test-company-009,true
k6test-cu-360,K6--00360,k6test-company-010,true
k6test-cu-361,K6--00361,k6test-company-011,true
k6test-cu-362,K6--00362,k6test-company-012,true
k6test-cu-363,K6--00363,k6test-company-013,true
k6test-cu-364,K6--00364,k6test-company-014,true
k6test-cu-365,K6--00365,k6test-company-015,true
k6test-cu-366,K6--00366,k6test-company-016,true
k6test-cu-367,K6--00367,k6test-company-017,true
k6test-cu-368,K6--00368,k6test-company-018,true
k6test-cu-369,K6--00369,k6test-company-019,true
k6test-cu-370,K6--00370,k6test-company-020,true
k6test-cu-371,K6--00371,k6test-company-021,true
k6test-cu-372,K6--00372,k6test-company-022,true
k6test-cu-373,K6--00373,k6test-company-023,true
k6test-cu-374,K6--00374,k6test-company-024,true
k6test-cu-375,K6--00375,k6test-company-025,true
k6test-cu-376,K6--00376,k6test-company-026,true
k6test-cu-377,K6--00377,k6test-company-027,true
k6test-cu-378,K6--00378,k6test-company-028,true
k6test-cu-379,K6--00379,k6test-company-029,true
k6test-cu-380,K6--00380,k6test-company-030,true
k6test-cu-381,K6--00381,k6test-company-031,true
k6test-cu-382,K6--00382,k6test-company-032,true
k6test-cu-383,K6--00383,k6test-company-033,true
k6test-cu-384,K6--00384,k6test-company-034,true
k6test-cu-385,K6--00385,k6test-company-035,true
k6test-cu-386,K6--00386,k6test-company-036,true
k6test-cu-387,K6--00387,k6test-company-037,true
k6test-cu-388,K6--00388,k6test-company-038,true
k6test-cu-389,K6--00389,k6test-company-039,true
k6test-cu-390,K6--00390,k6test-company-040,true
k6test-cu-391,K6--00391,k6test-company-041,true
k6test-cu-392,K6--00392,k6test-company-042,true
k6test-cu-393,K6--00393,k6test-company-043,true
k6test-cu-394,K6--00394,k6test-company-044,true
k6test-cu-395,K6--00395,k6test-company-045,true
k6test-cu-396,K6--00396,k6test-company-046,true
k6test-cu-397,K6--00397,k6test-company-047,true
k6test-cu-398,K6--00398,k6test-company-048,true
k6test-cu-399,K6--00399,k6test-company-049,true
k6test-cu-400,K6--00400,k6test-company-050,true
k6test-cu-401,K6--00401,k6test-company-001,true
k6test-cu-402,K6--00402,k6test-company-002,true
k6test-cu-403,K6--00403,k6test-company-003,true
k6test-cu-404,K6--00404,k6test-company-004,true
k6test-cu-405,K6--00405,k6test-company-005,true
k6test-cu-406,K6--00406,k6test-company-006,true
k6test-cu-407,K6--00407,k6test-company-007,true
k6test-cu-408,K6--00408,k6test-company-008,true
k6test-cu-409,K6--00409,k6test-company-009,true
k6test-cu-410,K6--00410,k6test-company-010,true
k6test-cu-411,K6--00411,k6test-company-011,true
k6test-cu-412,K6--00412,k6test-company-012,true
k6test-cu-413,K6--00413,k6test-company-013,true
k6test-cu-414,K6--00414,k6test-company-014,true
k6test-cu-415,K6--00415,k6test-company-015,true
k6test-cu-416,K6--00416,k6test-company-016,true
k6test-cu-417,K6--00417,k6test-company-017,true
k6test-cu-418,K6--00418,k6test-company-018,true
k6test-cu-419,K6--00419,k6test-company-019,true
k6test-cu-420,K6--00420,k6test-company-020,true
k6test-cu-421,K6--00421,k6test-company-021,true
k6test-cu-422,K6--00422,k6test-company-022,true
k6test-cu-423,K6--00423,k6test-company-023,true
k6test-cu-424,K6--00424,k6test-company-024,true
k6test-cu-425,K6--00425,k6test-company-025,true
k6test-cu-426,K6--00426,k6test-company-026,true
k6test-cu-427,K6--00427,k6test-company-027,true
k6test-cu-428,K6--00428,k6test-company-028,true
k6test-cu-429,K6--00429,k6test-company-029,true
k6test-cu-430,K6--00430,k6test-company-030,true
k6test-cu-431,K6--00431,k6test-company-031,true
k6test-cu-432,K6--00432,k6test-company-032,true
k6test-cu-433,K6--00433,k6test-company-033,true
k6test-cu-434,K6--00434,k6test-company-034,true
k6test-cu-435,K6--00435,k6test-company-035,true
k6test-cu-436,K6--00436,k6test-company-036,true
k6test-cu-437,K6--00437,k6test-company-037,true
k6test-cu-438,K6--00438,k6test-company-038,true
k6test-cu-439,K6--00439,k6test-company-039,true
k6test-cu-440,K6--00440,k6test-company-040,true
k6test-cu-441,K6--00441,k6test-company-041,true
k6test-cu-442,K6--00442,k6test-company-042,true
k6test-cu-443,K6--00443,k6test-company-043,true
k6test-cu-444,K6--00444,k6test-company-044,true
k6test-cu-445,K6--00445,k6test-company-045,true
k6test-cu-446,K6--00446,k6test-company-046,true
k6test-cu-447,K6--00447,k6test-company-047,true
k6test-cu-448,K6--00448,k6test-company-048,true
k6test-cu-449,K6--00449,k6test-company-049,true
k6test-cu-450,K6--00450,k6test-company-050,true
k6test-cu-451,K6--00451,k6test-company-001,true
k6test-cu-452,K6--00452,k6test-company-002,true
k6test-cu-453,K6--00453,k6test-company-003,true
k6test-cu-454,K6--00454,k6test-company-004,true
k6test-cu-455,K6--00455,k6test-company-005,true
k6test-cu-456,K6--00456,k6test-company-006,true
k6test-cu-457,K6--00457,k6test-company-007,true
k6test-cu-458,K6--00458,k6test-company-008,true
k6test-cu-459,K6--00459,k6test-company-009,true
k6test-cu-460,K6--00460,k6test-company-010,true
k6test-cu-461,K6--00461,k6test-company-011,true
k6test-cu-462,K6--00462,k6test-company-012,true
k6test-cu-463,K6--00463,k6test-company-013,true
k6test-cu-464,K6--00464,k6test-company-014,true
k6test-cu-465,K6--00465,k6test-company-015,true
k6test-cu-466,K6--00466,k6test-company-016,true
k6test-cu-467,K6--00467,k6test-company-017,true
k6test-cu-468,K6--00468,k6test-company-018,true
k6test-cu-469,K6--00469,k6test-company-019,true
k6test-cu-470,K6--00470,k6test-company-020,true
k6test-cu-471,K6--00471,k6test-company-021,true
k6test-cu-472,K6--00472,k6test-company-022,true
k6test-cu-473,K6--00473,k6test-company-023,true
k6test-cu-474,K6--00474,k6test-company-024,true
k6test-cu-475,K6--00475,k6test-company-025,true
k6test-cu-476,K6--00476,k6test-company-026,true
k6test-cu-477,K6--00477,k6test-company-027,true
k6test-cu-478,K6--00478,k6test-company-028,true
k6test-cu-479,K6--00479,k6test-company-029,true
k6test-cu-480,K6--00480,k6test-company-030,true
k6test-cu-481,K6--00481,k6test-company-031,true
k6test-cu-482,K6--00482,k6test-company-032,true
k6test-cu-483,K6--00483,k6test-company-033,true
k6test-cu-484,K6--00484,k6test-company-034,true
k6test-cu-485,K6--00485,k6test-company-035,true
k6test-cu-486,K6--00486,k6test-company-036,true
k6test-cu-487,K6--00487,k6test-company-037,true
k6test-cu-488,K6--00488,k6test-company-038,true
k6test-cu-489,K6--00489,k6test-company-039,true
k6test-cu-490,K6--00490,k6test-company-040,true
k6test-cu-491,K6--00491,k6test-company-041,true
k6test-cu-492,K6--00492,k6test-company-042,true
k6test-cu-493,K6--00493,k6test-company-043,true
k6test-cu-494,K6--00494,k6test-company-044,true
k6test-cu-495,K6--00495,k6test-company-045,true
k6test-cu-496,K6--00496,k6test-company-046,true
k6test-cu-497,K6--00497,k6test-company-047,true
k6test-cu-498,K6--00498,k6test-company-048,true
k6test-cu-499,K6--00499,k6test-company-049,true
k6test-cu-500,K6--00500,k6test-company-050,true
k6test-cu-501,K6--00501,k6test-company-001,true
k6test-cu-502,K6--00502,k6test-company-002,true
k6test-cu-503,K6--00503,k6test-company-003,true
k6test-cu-504,K6--00504,k6test-company-004,true
k6test-cu-505,K6--00505,k6test-company-005,true
k6test-cu-506,K6--00506,k6test-company-006,true
k6test-cu-507,K6--00507,k6test-company-007,true
k6test-cu-508,K6--00508,k6test-company-008,true
k6test-cu-509,K6--00509,k6test-company-009,true
k6test-cu-510,K6--00510,k6test-company-010,true
k6test-cu-511,K6--00511,k6test-company-011,true
k6test-cu-512,K6--00512,k6test-company-012,true
k6test-cu-513,K6--00513,k6test-company-013,true
k6test-cu-514,K6--00514,k6test-company-014,true
k6test-cu-515,K6--00515,k6test-company-015,true
k6test-cu-516,K6--00516,k6test-company-016,true
k6test-cu-517,K6--00517,k6test-company-017,true
k6test-cu-518,K6--00518,k6test-company-018,true
k6test-cu-519,K6--00519,k6test-company-019,true
k6test-cu-520,K6--00520,k6test-company-020,true
k6test-cu-521,K6--00521,k6test-company-021,true
k6test-cu-522,K6--00522,k6test-company-022,true
k6test-cu-523,K6--00523,k6test-company-023,true
k6test-cu-524,K6--00524,k6test-company-024,true
k6test-cu-525,K6--00525,k6test-company-025,true
k6test-cu-526,K6--00526,k6test-company-026,true
k6test-cu-527,K6--00527,k6test-company-027,true
k6test-cu-528,K6--00528,k6test-company-028,true
k6test-cu-529,K6--00529,k6test-company-029,true
k6test-cu-530,K6--00530,k6test-company-030,true
k6test-cu-531,K6--00531,k6test-company-031,true
k6test-cu-532,K6--00532,k6test-company-032,true
k6test-cu-533,K6--00533,k6test-company-033,true
k6test-cu-534,K6--00534,k6test-company-034,true
k6test-cu-535,K6--00535,k6test-company-035,true
k6test-cu-536,K6--00536,k6test-company-036,true
k6test-cu-537,K6--00537,k6test-company-037,true
k6test-cu-538,K6--00538,k6test-company-038,true
k6test-cu-539,K6--00539,k6test-company-039,true
k6test-cu-540,K6--00540,k6test-company-040,true
k6test-cu-541,K6--00541,k6test-company-041,true
k6test-cu-542,K6--00542,k6test-company-042,true
k6test-cu-543,K6--00543,k6test-company-043,true
k6test-cu-544,K6--00544,k6test-company-044,true
k6test-cu-545,K6--00545,k6test-company-045,true
k6test-cu-546,K6--00546,k6test-company-046,true
k6test-cu-547,K6--00547,k6test-company-047,true
k6test-cu-548,K6--00548,k6test-company-048,true
k6test-cu-549,K6--00549,k6test-company-049,true
k6test-cu-550,K6--00550,k6test-company-050,true
k6test-cu-551,K6--00551,k6test-company-001,true
k6test-cu-552,K6--00552,k6test-company-002,true
k6test-cu-553,K6--00553,k6test-company-003,true
k6test-cu-554,K6--00554,k6test-company-004,true
k6test-cu-555,K6--00555,k6test-company-005,true
k6test-cu-556,K6--00556,k6test-company-006,true
k6test-cu-557,K6--00557,k6test-company-007,true
k6test-cu-558,K6--00558,k6test-company-008,true
k6test-cu-559,K6--00559,k6test-company-009,true
k6test-cu-560,K6--00560,k6test-company-010,true
k6test-cu-561,K6--00561,k6test-company-011,true
k6test-cu-562,K6--00562,k6test-company-012,true
k6test-cu-563,K6--00563,k6test-company-013,true
k6test-cu-564,K6--00564,k6test-company-014,true
k6test-cu-565,K6--00565,k6test-company-015,true
k6test-cu-566,K6--00566,k6test-company-016,true
k6test-cu-567,K6--00567,k6test-company-017,true
k6test-cu-568,K6--00568,k6test-company-018,true
k6test-cu-569,K6--00569,k6test-company-019,true
k6test-cu-570,K6--00570,k6test-company-020,true
k6test-cu-571,K6--00571,k6test-company-021,true
k6test-cu-572,K6--00572,k6test-company-022,true
k6test-cu-573,K6--00573,k6test-company-023,true
k6test-cu-574,K6--00574,k6test-company-024,true
k6test-cu-575,K6--00575,k6test-company-025,true
k6test-cu-576,K6--00576,k6test-company-026,true
k6test-cu-577,K6--00577,k6test-company-027,true
k6test-cu-578,K6--00578,k6test-company-028,true
k6test-cu-579,K6--00579,k6test-company-029,true
k6test-cu-580,K6--00580,k6test-company-030,true
k6test-cu-581,K6--00581,k6test-company-031,true
k6test-cu-582,K6--00582,k6test-company-032,true
k6test-cu-583,K6--00583,k6test-company-033,true
k6test-cu-584,K6--00584,k6test-company-034,true
k6test-cu-585,K6--00585,k6test-company-035,true
k6test-cu-586,K6--00586,k6test-company-036,true
k6test-cu-587,K6--00587,k6test-company-037,true
k6test-cu-588,K6--00588,k6test-company-038,true
k6test-cu-589,K6--00589,k6test-company-039,true
k6test-cu-590,K6--00590,k6test-company-040,true
k6test-cu-591,K6--00591,k6test-company-041,true
k6test-cu-592,K6--00592,k6test-company-042,true
k6test-cu-593,K6--00593,k6test-company-043,true
k6test-cu-594,K6--00594,k6test-company-044,true
k6test-cu-595,K6--00595,k6test-company-045,true
k6test-cu-596,K6--00596,k6test-company-046,true
k6test-cu-597,K6--00597,k6test-company-047,true
k6test-cu-598,K6--00598,k6test-company-048,true
k6test-cu-599,K6--00599,k6test-company-049,true
k6test-cu-600,K6--00600,k6test-company-050,true
k6test-cu-601,K6--00601,k6test-company-001,true
k6test-cu-602,K6--00602,k6test-company-002,true
k6test-cu-603,K6--00603,k6test-company-003,true
k6test-cu-604,K6--00604,k6test-company-004,true
k6test-cu-605,K6--00605,k6test-company-005,true
k6test-cu-606,K6--00606,k6test-company-006,true
k6test-cu-607,K6--00607,k6test-company-007,true
k6test-cu-608,K6--00608,k6test-company-008,true
k6test-cu-609,K6--00609,k6test-company-009,true
k6test-cu-610,K6--00610,k6test-company-010,true
k6test-cu-611,K6--00611,k6test-company-011,true
k6test-cu-612,K6--00612,k6test-company-012,true
k6test-cu-613,K6--00613,k6test-company-013,true
k6test-cu-614,K6--00614,k6test-company-014,true
k6test-cu-615,K6--00615,k6test-company-015,true
k6test-cu-616,K6--00616,k6test-company-016,true
k6test-cu-617,K6--00617,k6test-company-017,true
k6test-cu-618,K6--00618,k6test-company-018,true
k6test-cu-619,K6--00619,k6test-company-019,true
k6test-cu-620,K6--00620,k6test-company-020,true
k6test-cu-621,K6--00621,k6test-company-021,true
k6test-cu-622,K6--00622,k6test-company-022,true
k6test-cu-623,K6--00623,k6test-company-023,true
k6test-cu-624,K6--00624,k6test-company-024,true
k6test-cu-625,K6--00625,k6test-company-025,true
k6test-cu-626,K6--00626,k6test-company-026,true
k6test-cu-627,K6--00627,k6test-company-027,true
k6test-cu-628,K6--00628,k6test-company-028,true
k6test-cu-629,K6--00629,k6test-company-029,true
k6test-cu-630,K6--00630,k6test-company-030,true
k6test-cu-631,K6--00631,k6test-company-031,true
k6test-cu-632,K6--00632,k6test-company-032,true
k6test-cu-633,K6--00633,k6test-company-033,true
k6test-cu-634,K6--00634,k6test-company-034,true
k6test-cu-635,K6--00635,k6test-company-035,true
k6test-cu-636,K6--00636,k6test-company-036,true
k6test-cu-637,K6--00637,k6test-company-037,true
k6test-cu-638,K6--00638,k6test-company-038,true
k6test-cu-639,K6--00639,k6test-company-039,true
k6test-cu-640,K6--00640,k6test-company-040,true
k6test-cu-641,K6--00641,k6test-company-041,true
k6test-cu-642,K6--00642,k6test-company-042,true
k6test-cu-643,K6--00643,k6test-company-043,true
k6test-cu-644,K6--00644,k6test-company-044,true
k6test-cu-645,K6--00645,k6test-company-045,true
k6test-cu-646,K6--00646,k6test-company-046,true
k6test-cu-647,K6--00647,k6test-company-047,true
k6test-cu-648,K6--00648,k6test-company-048,true
k6test-cu-649,K6--00649,k6test-company-049,true
k6test-cu-650,K6--00650,k6test-company-050,true
k6test-cu-651,K6--00651,k6test-company-001,true
k6test-cu-652,K6--00652,k6test-company-002,true
k6test-cu-653,K6--00653,k6test-company-003,true
k6test-cu-654,K6--00654,k6test-company-004,true
k6test-cu-655,K6--00655,k6test-company-005,true
k6test-cu-656,K6--00656,k6test-company-006,true
k6test-cu-657,K6--00657,k6test-company-007,true
k6test-cu-658,K6--00658,k6test-company-008,true
k6test-cu-659,K6--00659,k6test-company-009,true
k6test-cu-660,K6--00660,k6test-company-010,true
k6test-cu-661,K6--00661,k6test-company-011,true
k6test-cu-662,K6--00662,k6test-company-012,true
k6test-cu-663,K6--00663,k6test-company-013,true
k6test-cu-664,K6--00664,k6test-company-014,true
k6test-cu-665,K6--00665,k6test-company-015,true
k6test-cu-666,K6--00666,k6test-company-016,true
k6test-cu-667,K6--00667,k6test-company-017,true
k6test-cu-668,K6--00668,k6test-company-018,true
k6test-cu-669,K6--00669,k6test-company-019,true
k6test-cu-670,K6--00670,k6test-company-020,true
k6test-cu-671,K6--00671,k6test-company-021,true
k6test-cu-672,K6--00672,k6test-company-022,true
k6test-cu-673,K6--00673,k6test-company-023,true
k6test-cu-674,K6--00674,k6test-company-024,true
k6test-cu-675,K6--00675,k6test-company-025,true
k6test-cu-676,K6--00676,k6test-company-026,true
k6test-cu-677,K6--00677,k6test-company-027,true
k6test-cu-678,K6--00678,k6test-company-028,true
k6test-cu-679,K6--00679,k6test-company-029,true
k6test-cu-680,K6--00680,k6test-company-030,true
k6test-cu-681,K6--00681,k6test-company-031,true
k6test-cu-682,K6--00682,k6test-company-032,true
k6test-cu-683,K6--00683,k6test-company-033,true
k6test-cu-684,K6--00684,k6test-company-034,true
k6test-cu-685,K6--00685,k6test-company-035,true
k6test-cu-686,K6--00686,k6test-company-036,true
k6test-cu-687,K6--00687,k6test-company-037,true
k6test-cu-688,K6--00688,k6test-company-038,true
k6test-cu-689,K6--00689,k6test-company-039,true
k6test-cu-690,K6--00690,k6test-company-040,true
k6test-cu-691,K6--00691,k6test-company-041,true
k6test-cu-692,K6--00692,k6test-company-042,true
k6test-cu-693,K6--00693,k6test-company-043,true
k6test-cu-694,K6--00694,k6test-company-044,true
k6test-cu-695,K6--00695,k6test-company-045,true
k6test-cu-696,K6--00696,k6test-company-046,true
k6test-cu-697,K6--00697,k6test-company-047,true
k6test-cu-698,K6--00698,k6test-company-048,true
k6test-cu-699,K6--00699,k6test-company-049,true
k6test-cu-700,K6--00700,k6test-company-050,true
k6test-cu-701,K6--00701,k6test-company-001,true
k6test-cu-702,K6--00702,k6test-company-002,true
k6test-cu-703,K6--00703,k6test-company-003,true
k6test-cu-704,K6--00704,k6test-company-004,true
k6test-cu-705,K6--00705,k6test-company-005,true
k6test-cu-706,K6--00706,k6test-company-006,true
k6test-cu-707,K6--00707,k6test-company-007,true
k6test-cu-708,K6--00708,k6test-company-008,true
k6test-cu-709,K6--00709,k6test-company-009,true
k6test-cu-710,K6--00710,k6test-company-010,true
k6test-cu-711,K6--00711,k6test-company-011,true
k6test-cu-712,K6--00712,k6test-company-012,true
k6test-cu-713,K6--00713,k6test-company-013,true
k6test-cu-714,K6--00714,k6test-company-014,true
k6test-cu-715,K6--00715,k6test-company-015,true
k6test-cu-716,K6--00716,k6test-company-016,true
k6test-cu-717,K6--00717,k6test-company-017,true
k6test-cu-718,K6--00718,k6test-company-018,true
k6test-cu-719,K6--00719,k6test-company-019,true
k6test-cu-720,K6--00720,k6test-company-020,true
k6test-cu-721,K6--00721,k6test-company-021,true
k6test-cu-722,K6--00722,k6test-company-022,true
k6test-cu-723,K6--00723,k6test-company-023,true
k6test-cu-724,K6--00724,k6test-company-024,true
k6test-cu-725,K6--00725,k6test-company-025,true
k6test-cu-726,K6--00726,k6test-company-026,true
k6test-cu-727,K6--00727,k6test-company-027,true
k6test-cu-728,K6--00728,k6test-company-028,true
k6test-cu-729,K6--00729,k6test-company-029,true
k6test-cu-730,K6--00730,k6test-company-030,true
k6test-cu-731,K6--00731,k6test-company-031,true
k6test-cu-732,K6--00732,k6test-company-032,true
k6test-cu-733,K6--00733,k6test-company-033,true
k6test-cu-734,K6--00734,k6test-company-034,true
k6test-cu-735,K6--00735,k6test-company-035,true
k6test-cu-736,K6--00736,k6test-company-036,true
k6test-cu-737,K6--00737,k6test-company-037,true
k6test-cu-738,K6--00738,k6test-company-038,true
k6test-cu-739,K6--00739,k6test-company-039,true
k6test-cu-740,K6--00740,k6test-company-040,true
k6test-cu-741,K6--00741,k6test-company-041,true
k6test-cu-742,K6--00742,k6test-company-042,true
k6test-cu-743,K6--00743,k6test-company-043,true
k6test-cu-744,K6--00744,k6test-company-044,true
k6test-cu-745,K6--00745,k6test-company-045,true
k6test-cu-746,K6--00746,k6test-company-046,true
k6test-cu-747,K6--00747,k6test-company-047,true
k6test-cu-748,K6--00748,k6test-company-048,true
k6test-cu-749,K6--00749,k6test-company-049,true
k6test-cu-750,K6--00750,k6test-company-050,true
k6test-cu-751,K6--00751,k6test-company-001,true
k6test-cu-752,K6--00752,k6test-company-002,true
k6test-cu-753,K6--00753,k6test-company-003,true
k6test-cu-754,K6--00754,k6test-company-004,true
k6test-cu-755,K6--00755,k6test-company-005,true
k6test-cu-756,K6--00756,k6test-company-006,true
k6test-cu-757,K6--00757,k6test-company-007,true
k6test-cu-758,K6--00758,k6test-company-008,true
k6test-cu-759,K6--00759,k6test-company-009,true
k6test-cu-760,K6--00760,k6test-company-010,true
k6test-cu-761,K6--00761,k6test-company-011,true
k6test-cu-762,K6--00762,k6test-company-012,true
k6test-cu-763,K6--00763,k6test-company-013,true
k6test-cu-764,K6--00764,k6test-company-014,true
k6test-cu-765,K6--00765,k6test-company-015,true
k6test-cu-766,K6--00766,k6test-company-016,true
k6test-cu-767,K6--00767,k6test-company-017,true
k6test-cu-768,K6--00768,k6test-company-018,true
k6test-cu-769,K6--00769,k6test-company-019,true
k6test-cu-770,K6--00770,k6test-company-020,true
k6test-cu-771,K6--00771,k6test-company-021,true
k6test-cu-772,K6--00772,k6test-company-022,true
k6test-cu-773,K6--00773,k6test-company-023,true
k6test-cu-774,K6--00774,k6test-company-024,true
k6test-cu-775,K6--00775,k6test-company-025,true
k6test-cu-776,K6--00776,k6test-company-026,true
k6test-cu-777,K6--00777,k6test-company-027,true
k6test-cu-778,K6--00778,k6test-company-028,true
k6test-cu-779,K6--00779,k6test-company-029,true
k6test-cu-780,K6--00780,k6test-company-030,true
k6test-cu-781,K6--00781,k6test-company-031,true
k6test-cu-782,K6--00782,k6test-company-032,true
k6test-cu-783,K6--00783,k6test-company-033,true
k6test-cu-784,K6--00784,k6test-company-034,true
k6test-cu-785,K6--00785,k6test-company-035,true
k6test-cu-786,K6--00786,k6test-company-036,true
k6test-cu-787,K6--00787,k6test-company-037,true
k6test-cu-788,K6--00788,k6test-company-038,true
k6test-cu-789,K6--00789,k6test-company-039,true
k6test-cu-790,K6--00790,k6test-company-040,true
k6test-cu-791,K6--00791,k6test-company-041,true
k6test-cu-792,K6--00792,k6test-company-042,true
k6test-cu-793,K6--00793,k6test-company-043,true
k6test-cu-794,K6--00794,k6test-company-044,true
k6test-cu-795,K6--00795,k6test-company-045,true
k6test-cu-796,K6--00796,k6test-company-046,true
k6test-cu-797,K6--00797,k6test-company-047,true
k6test-cu-798,K6--00798,k6test-company-048,true
k6test-cu-799,K6--00799,k6test-company-049,true
k6test-cu-800,K6--00800,k6test-company-050,true
k6test-cu-801,K6--00801,k6test-company-001,true
k6test-cu-802,K6--00802,k6test-company-002,true
k6test-cu-803,K6--00803,k6test-company-003,true
k6test-cu-804,K6--00804,k6test-company-004,true
k6test-cu-805,K6--00805,k6test-company-005,true
k6test-cu-806,K6--00806,k6test-company-006,true
k6test-cu-807,K6--00807,k6test-company-007,true
k6test-cu-808,K6--00808,k6test-company-008,true
k6test-cu-809,K6--00809,k6test-company-009,true
k6test-cu-810,K6--00810,k6test-company-010,true
k6test-cu-811,K6--00811,k6test-company-011,true
k6test-cu-812,K6--00812,k6test-company-012,true
k6test-cu-813,K6--00813,k6test-company-013,true
k6test-cu-814,K6--00814,k6test-company-014,true
k6test-cu-815,K6--00815,k6test-company-015,true
k6test-cu-816,K6--00816,k6test-company-016,true
k6test-cu-817,K6--00817,k6test-company-017,true
k6test-cu-818,K6--00818,k6test-company-018,true
k6test-cu-819,K6--00819,k6test-company-019,true
k6test-cu-820,K6--00820,k6test-company-020,true
k6test-cu-821,K6--00821,k6test-company-021,true
k6test-cu-822,K6--00822,k6test-company-022,true
k6test-cu-823,K6--00823,k6test-company-023,true
k6test-cu-824,K6--00824,k6test-company-024,true
k6test-cu-825,K6--00825,k6test-company-025,true
k6test-cu-826,K6--00826,k6test-company-026,true
k6test-cu-827,K6--00827,k6test-company-027,true
k6test-cu-828,K6--00828,k6test-company-028,true
k6test-cu-829,K6--00829,k6test-company-029,true
k6test-cu-830,K6--00830,k6test-company-030,true
k6test-cu-831,K6--00831,k6test-company-031,true
k6test-cu-832,K6--00832,k6test-company-032,true
k6test-cu-833,K6--00833,k6test-company-033,true
k6test-cu-834,K6--00834,k6test-company-034,true
k6test-cu-835,K6--00835,k6test-company-035,true
k6test-cu-836,K6--00836,k6test-company-036,true
k6test-cu-837,K6--00837,k6test-company-037,true
k6test-cu-838,K6--00838,k6test-company-038,true
k6test-cu-839,K6--00839,k6test-company-039,true
k6test-cu-840,K6--00840,k6test-company-040,true
k6test-cu-841,K6--00841,k6test-company-041,true
k6test-cu-842,K6--00842,k6test-company-042,true
k6test-cu-843,K6--00843,k6test-company-043,true
k6test-cu-844,K6--00844,k6test-company-044,true
k6test-cu-845,K6--00845,k6test-company-045,true
k6test-cu-846,K6--00846,k6test-company-046,true
k6test-cu-847,K6--00847,k6test-company-047,true
k6test-cu-848,K6--00848,k6test-company-048,true
k6test-cu-849,K6--00849,k6test-company-049,true
k6test-cu-850,K6--00850,k6test-company-050,true
k6test-cu-851,K6--00851,k6test-company-001,true
k6test-cu-852,K6--00852,k6test-company-002,true
k6test-cu-853,K6--00853,k6test-company-003,true
k6test-cu-854,K6--00854,k6test-company-004,true
k6test-cu-855,K6--00855,k6test-company-005,true
k6test-cu-856,K6--00856,k6test-company-006,true
k6test-cu-857,K6--00857,k6test-company-007,true
k6test-cu-858,K6--00858,k6test-company-008,true
k6test-cu-859,K6--00859,k6test-company-009,true
k6test-cu-860,K6--00860,k6test-company-010,true
k6test-cu-861,K6--00861,k6test-company-011,true
k6test-cu-862,K6--00862,k6test-company-012,true
k6test-cu-863,K6--00863,k6test-company-013,true
k6test-cu-864,K6--00864,k6test-company-014,true
k6test-cu-865,K6--00865,k6test-company-015,true
k6test-cu-866,K6--00866,k6test-company-016,true
k6test-cu-867,K6--00867,k6test-company-017,true
k6test-cu-868,K6--00868,k6test-company-018,true
k6test-cu-869,K6--00869,k6test-company-019,true
k6test-cu-870,K6--00870,k6test-company-020,true
k6test-cu-871,K6--00871,k6test-company-021,true
k6test-cu-872,K6--00872,k6test-company-022,true
k6test-cu-873,K6--00873,k6test-company-023,true
k6test-cu-874,K6--00874,k6test-company-024,true
k6test-cu-875,K6--00875,k6test-company-025,true
k6test-cu-876,K6--00876,k6test-company-026,true
k6test-cu-877,K6--00877,k6test-company-027,true
k6test-cu-878,K6--00878,k6test-company-028,true
k6test-cu-879,K6--00879,k6test-company-029,true
k6test-cu-880,K6--00880,k6test-company-030,true
k6test-cu-881,K6--00881,k6test-company-031,true
k6test-cu-882,K6--00882,k6test-company-032,true
k6test-cu-883,K6--00883,k6test-company-033,true
k6test-cu-884,K6--00884,k6test-company-034,true
k6test-cu-885,K6--00885,k6test-company-035,true
k6test-cu-886,K6--00886,k6test-company-036,true
k6test-cu-887,K6--00887,k6test-company-037,true
k6test-cu-888,K6--00888,k6test-company-038,true
k6test-cu-889,K6--00889,k6test-company-039,true
k6test-cu-890,K6--00890,k6test-company-040,true
k6test-cu-891,K6--00891,k6test-company-041,true
k6test-cu-892,K6--00892,k6test-company-042,true
k6test-cu-893,K6--00893,k6test-company-043,true
k6test-cu-894,K6--00894,k6test-company-044,true
k6test-cu-895,K6--00895,k6test-company-045,true
k6test-cu-896,K6--00896,k6test-company-046,true
k6test-cu-897,K6--00897,k6test-company-047,true
k6test-cu-898,K6--00898,k6test-company-048,true
k6test-cu-899,K6--00899,k6test-company-049,true
k6test-cu-900,K6--00900,k6test-company-050,true
k6test-cu-901,K6--00901,k6test-company-001,true
k6test-cu-902,K6--00902,k6test-company-002,true
k6test-cu-903,K6--00903,k6test-company-003,true
k6test-cu-904,K6--00904,k6test-company-004,true
k6test-cu-905,K6--00905,k6test-company-005,true
k6test-cu-906,K6--00906,k6test-company-006,true
k6test-cu-907,K6--00907,k6test-company-007,true
k6test-cu-908,K6--00908,k6test-company-008,true
k6test-cu-909,K6--00909,k6test-company-009,true
k6test-cu-910,K6--00910,k6test-company-010,true
k6test-cu-911,K6--00911,k6test-company-011,true
k6test-cu-912,K6--00912,k6test-company-012,true
k6test-cu-913,K6--00913,k6test-company-013,true
k6test-cu-914,K6--00914,k6test-company-014,true
k6test-cu-915,K6--00915,k6test-company-015,true
k6test-cu-916,K6--00916,k6test-company-016,true
k6test-cu-917,K6--00917,k6test-company-017,true
k6test-cu-918,K6--00918,k6test-company-018,true
k6test-cu-919,K6--00919,k6test-company-019,true
k6test-cu-920,K6--00920,k6test-company-020,true
k6test-cu-921,K6--00921,k6test-company-021,true
k6test-cu-922,K6--00922,k6test-company-022,true
k6test-cu-923,K6--00923,k6test-company-023,true
k6test-cu-924,K6--00924,k6test-company-024,true
k6test-cu-925,K6--00925,k6test-company-025,true
k6test-cu-926,K6--00926,k6test-company-026,true
k6test-cu-927,K6--00927,k6test-company-027,true
k6test-cu-928,K6--00928,k6test-company-028,true
k6test-cu-929,K6--00929,k6test-company-029,true
k6test-cu-930,K6--00930,k6test-company-030,true
k6test-cu-931,K6--00931,k6test-company-031,true
k6test-cu-932,K6--00932,k6test-company-032,true
k6test-cu-933,K6--00933,k6test-company-033,true
k6test-cu-934,K6--00934,k6test-company-034,true
k6test-cu-935,K6--00935,k6test-company-035,true
k6test-cu-936,K6--00936,k6test-company-036,true
k6test-cu-937,K6--00937,k6test-company-037,true
k6test-cu-938,K6--00938,k6test-company-038,true
k6test-cu-939,K6--00939,k6test-company-039,true
k6test-cu-940,K6--00940,k6test-company-040,true
k6test-cu-941,K6--00941,k6test-company-041,true
k6test-cu-942,K6--00942,k6test-company-042,true
k6test-cu-943,K6--00943,k6test-company-043,true
k6test-cu-944,K6--00944,k6test-company-044,true
k6test-cu-945,K6--00945,k6test-company-045,true
k6test-cu-946,K6--00946,k6test-company-046,true
k6test-cu-947,K6--00947,k6test-company-047,true
k6test-cu-948,K6--00948,k6test-company-048,true
k6test-cu-949,K6--00949,k6test-company-049,true
k6test-cu-950,K6--00950,k6test-company-050,true
k6test-cu-951,K6--00951,k6test-company-001,true
k6test-cu-952,K6--00952,k6test-company-002,true
k6test-cu-953,K6--00953,k6test-company-003,true
k6test-cu-954,K6--00954,k6test-company-004,true
k6test-cu-955,K6--00955,k6test-company-005,true
k6test-cu-956,K6--00956,k6test-company-006,true
k6test-cu-957,K6--00957,k6test-company-007,true
k6test-cu-958,K6--00958,k6test-company-008,true
k6test-cu-959,K6--00959,k6test-company-009,true
k6test-cu-960,K6--00960,k6test-company-010,true
k6test-cu-961,K6--00961,k6test-company-011,true
k6test-cu-962,K6--00962,k6test-company-012,true
k6test-cu-963,K6--00963,k6test-company-013,true
k6test-cu-964,K6--00964,k6test-company-014,true
k6test-cu-965,K6--00965,k6test-company-015,true
k6test-cu-966,K6--00966,k6test-company-016,true
k6test-cu-967,K6--00967,k6test-company-017,true
k6test-cu-968,K6--00968,k6test-company-018,true
k6test-cu-969,K6--00969,k6test-company-019,true
k6test-cu-970,K6--00970,k6test-company-020,true
k6test-cu-971,K6--00971,k6test-company-021,true
k6test-cu-972,K6--00972,k6test-company-022,true
k6test-cu-973,K6--00973,k6test-company-023,true
k6test-cu-974,K6--00974,k6test-company-024,true
k6test-cu-975,K6--00975,k6test-company-025,true
k6test-cu-976,K6--00976,k6test-company-026,true
k6test-cu-977,K6--00977,k6test-company-027,true
k6test-cu-978,K6--00978,k6test-company-028,true
k6test-cu-979,K6--00979,k6test-company-029,true
k6test-cu-980,K6--00980,k6test-company-030,true
k6test-cu-981,K6--00981,k6test-company-031,true
k6test-cu-982,K6--00982,k6test-company-032,true
k6test-cu-983,K6--00983,k6test-company-033,true
k6test-cu-984,K6--00984,k6test-company-034,true
k6test-cu-985,K6--00985,k6test-company-035,true
k6test-cu-986,K6--00986,k6test-company-036,true
k6test-cu-987,K6--00987,k6test-company-037,true
k6test-cu-988,K6--00988,k6test-company-038,true
k6test-cu-989,K6--00989,k6test-company-039,true
k6test-cu-990,K6--00990,k6test-company-040,true
k6test-cu-991,K6--00991,k6test-company-041,true
k6test-cu-992,K6--00992,k6test-company-042,true
k6test-cu-993,K6--00993,k6test-company-043,true
k6test-cu-994,K6--00994,k6test-company-044,true
k6test-cu-995,K6--00995,k6test-company-045,true
k6test-cu-996,K6--00996,k6test-company-046,true
k6test-cu-997,K6--00997,k6test-company-047,true
k6test-cu-998,K6--00998,k6test-company-048,true
k6test-cu-999,K6--00999,k6test-company-049,true
k6test-cu-1000,K6--01000,k6test-company-050,true
